port_call_id,port_call_timestamp,customs_reference,port_to_visit,prev_port,next_port,domestic_traffic_arrival,domestic_traffic_departure,arrival_with_cargo,discharge,vessel_name,imo_lloyds,nationality,vessel_type_code,mmsi,agents,berth_name,port_area_name,eta,etd,ata,atd
3092896,2025-02-28T08:30:16.000+00:00,20/1606026,FIKOK,FIKJO,SEKBG,False,False,True,1,Trito Navigator,9631357.0,NL,70,245237000,"Oy Galea Shipping Ab, Schulte & Bruns Chartering",Kantasataman laituri 2,KANTASATAMA,2024-04-11T19:30:00.000+00:00,2024-04-17T22:30:00.000+00:00,2024-04-11T21:01:00.000+00:00,2024-04-17T22:30:00.000+00:00
3178470,2025-02-28T12:50:36.000+00:00,2/200442608,FIHEL,FIHKO,FIKTK,False,False,True,1,Finneco II,9856842.0,FI,40,230697000,Finnlines Oyj,,,2025-03-03T04:45:00.000+00:00,2025-03-03T20:30:00.000+00:00,,
3178567,2025-02-27T16:20:06.000+00:00,2/200442620,FIHEL,BEANR,FIKTK,False,False,True,1,Finneco III,9856854.0,FI,40,230700000,Finnlines Oyj,,,2025-03-10T04:45:00.000+00:00,2025-03-10T20:30:00.000+00:00,,
3180618,2025-02-28T11:39:57.000+00:00,2/200442681,FIHKO,PLGDY,PLGDY,False,False,True,1,Finnsea,9468891.0,FI,40,230618000,"Finnlines Oyj., Finnlines Oyj",Roro 5,LÄNSISATAMA,2025-02-28T04:00:00.000+00:00,2025-02-28T11:00:00.000+00:00,2025-02-28T03:55:00.000+00:00,2025-02-28T11:00:00.000+00:00
3190827,2025-02-27T18:56:38.000+00:00,0/723388,FITKU,FIMHQ,FILAN,False,False,True,1,Viking Grace,9606900.0,FI,20,230629000,"Viking Line Abp / Helsinki, Viking Line  Abp",viking1,Matkustajasatama,2025-02-27T17:50:00.000+00:00,2025-02-27T18:55:00.000+00:00,2025-02-27T17:50:00.000+00:00,2025-02-27T18:55:00.000+00:00
3190828,2025-02-28T12:51:55.000+00:00,0/723389,FITKU,FIMHQ,FILAN,False,False,True,1,Viking Grace,9606900.0,FI,20,230629000,"Viking Line  Abp, Viking Line Abp / Helsinki",viking1,Matkustajasatama,2025-02-28T17:50:00.000+00:00,2025-02-28T18:55:00.000+00:00,,
3190979,2025-02-28T07:13:09.000+00:00,0/723540,FITKU,FILAN,FIMHQ,False,False,True,1,Viking Glory,9827877.0,FI,20,230041000,"Viking Line Abp / Helsinki, Viking Line  Abp",viking1,Matkustajasatama,2025-02-28T05:35:00.000+00:00,2025-02-28T06:45:00.000+00:00,2025-02-28T05:35:00.000+00:00,2025-02-28T06:40:00.000+00:00
3194236,2025-02-28T12:17:39.000+00:00,4/00283397,FITKU,FILAN,FINLI,False,True,True,3,Baltic Princess,9354284.0,FI,20,230639000,"Tallink Silja Oy, Tallink Silja Oy",silja2,Matkustajasatama,2025-02-26T08:15:00.000+00:00,2025-02-28T08:00:00.000+00:00,2025-02-26T08:15:00.000+00:00,2025-02-28T08:10:00.000+00:00
3196042,2025-02-28T09:30:07.000+00:00,0/724456,FIHEL,FIMHQ,FIMHQ,False,False,True,1,Viking Cinderella,8719188.0,FI,20,230713000,"Viking Line Abp / Helsinki, Viking Line  Abp",NOKKA 3,Eteläsatama,2025-02-28T08:10:00.000+00:00,2025-02-28T15:15:00.000+00:00,2025-02-28T08:15:00.000+00:00,
3196676,2025-02-28T11:34:41.000+00:00,0/724648,FIECK,SEGRH,SEGRH,False,False,True,1,Eckerö,7633155.0,SE,20,266308000,"Eckerö Linjen Ab, Rederiaktiebolaget Eckerö.",Ei tiedossa,Ei tiedossa,2025-02-28T11:00:00.000+00:00,2025-02-28T11:30:00.000+00:00,2025-02-28T11:00:00.000+00:00,2025-02-28T11:25:00.000+00:00
3196703,2025-02-27T16:28:35.000+00:00,0/724675,FIECK,SEGRH,SEGRH,False,False,True,1,Eckerö,7633155.0,SE,20,266308000,"Eckerö Linjen Ab, Rederiaktiebolaget Eckerö.",Ei tiedossa,Ei tiedossa,2025-02-27T16:00:00.000+00:00,2025-02-27T16:30:00.000+00:00,2025-02-27T15:59:00.000+00:00,2025-02-27T16:24:00.000+00:00
3196704,2025-02-28T14:15:28.000+00:00,0/724676,FIECK,SEGRH,SEGRH,False,False,True,1,Eckerö,7633155.0,SE,20,266308000,"Rederiaktiebolaget Eckerö., Eckerö Linjen Ab",Ei tiedossa,Ei tiedossa,2025-02-28T16:00:00.000+00:00,2025-02-28T16:30:00.000+00:00,,
3196731,2025-02-28T05:59:34.000+00:00,0/724703,FIECK,SEGRH,SEGRH,False,False,True,1,Eckerö,7633155.0,SE,20,266308000,"Eckerö Linjen Ab, Rederiaktiebolaget Eckerö.",Ei tiedossa,Ei tiedossa,2025-02-27T21:00:00.000+00:00,2025-02-28T06:00:00.000+00:00,2025-02-27T21:00:00.000+00:00,2025-02-28T05:55:00.000+00:00
3197623,2025-02-27T14:30:05.000+00:00,0/724902,FIHEL,EETLL,EETLL,False,False,True,1,Finlandia,9214379.0,FI,20,230628000,"Eckerö Line Ab Oy, Rederiaktiebolaget Eckerö.",Jätkän laituripaikka 8,Länsisatama,2025-02-27T12:15:00.000+00:00,2025-02-27T13:15:00.000+00:00,2025-02-27T12:14:00.000+00:00,2025-02-27T13:10:00.000+00:00
3197624,2025-02-28T14:00:04.000+00:00,0/724903,FIHEL,EETLL,EETLL,False,False,True,1,Finlandia,9214379.0,FI,20,230628000,"Eckerö Line Ab Oy, Rederiaktiebolaget Eckerö.",Jätkän laituripaikka 8,Länsisatama,2025-02-28T12:15:00.000+00:00,2025-02-28T13:15:00.000+00:00,2025-02-28T12:15:00.000+00:00,2025-02-28T12:55:00.000+00:00
3197651,2025-02-27T21:00:06.000+00:00,0/724930,FIHEL,EETLL,EETLL,False,False,True,1,Finlandia,9214379.0,FI,20,230628000,"Eckerö Line Ab Oy, Rederiaktiebolaget Eckerö.",Jätkän laituripaikka 8,Länsisatama,2025-02-27T19:00:00.000+00:00,2025-02-27T19:40:00.000+00:00,2025-02-27T19:01:00.000+00:00,2025-02-27T19:48:00.000+00:00
3197676,2025-02-28T08:00:05.000+00:00,0/724955,FIHEL,EETLL,EETLL,False,False,True,1,Finlandia,9214379.0,FI,20,230628000,"Rederiaktiebolaget Eckerö., Eckerö Line Ab Oy",Jätkän laituripaikka 8,Länsisatama,2025-02-28T06:15:00.000+00:00,2025-02-28T07:00:00.000+00:00,2025-02-28T06:15:00.000+00:00,2025-02-28T07:05:00.000+00:00
3197702,2025-02-27T19:00:05.000+00:00,0/724981,FIHEL,EEMUG,EEMUG,False,False,True,1,Finbo Cargo,9181106.0,FI,40,230685000,"Eckerö Line Ab Oy, Rederiaktiebolaget Eckerö.",VA8,Vuosaaren satama,2025-02-27T17:15:00.000+00:00,2025-02-27T18:00:00.000+00:00,2025-02-27T17:10:00.000+00:00,2025-02-27T18:03:00.000+00:00
3197703,2025-02-28T14:19:16.000+00:00,0/724982,FIHEL,EEMUG,EEMUG,False,False,True,1,Finbo Cargo,9181106.0,FI,40,230685000,"Rederiaktiebolaget Eckerö., Eckerö Line Ab Oy",VA8,Vuosaaren satama,2025-02-28T17:15:00.000+00:00,2025-02-28T18:00:00.000+00:00,,
3197729,2025-02-28T05:30:05.000+00:00,0/725008,FIHEL,EEMUG,EEMUG,False,False,True,1,Finbo Cargo,9181106.0,FI,40,230685000,"Eckerö Line Ab Oy, Rederiaktiebolaget Eckerö.",VA8,Vuosaaren satama,2025-02-28T03:15:00.000+00:00,2025-02-28T04:00:00.000+00:00,2025-02-28T03:23:00.000+00:00,2025-02-28T04:10:00.000+00:00
3197748,2025-02-28T12:00:04.000+00:00,0/725027,FIHEL,EEMUG,EEMUG,False,False,True,1,Finbo Cargo,9181106.0,FI,40,230685000,"Rederiaktiebolaget Eckerö., Eckerö Line Ab Oy",VA8,Vuosaaren satama,2025-02-28T10:15:00.000+00:00,2025-02-28T11:00:00.000+00:00,2025-02-28T10:10:00.000+00:00,2025-02-28T10:55:00.000+00:00
3200117,2025-02-28T12:50:36.000+00:00,2/200443179,FIHKO,BEANR,FIHEL,False,False,True,1,Finneco II,9856842.0,FI,40,230697000,"Finnlines Oyj, Finnlines Oyj.",Roro 1,LÄNSISATAMA,2025-03-02T12:00:00.000+00:00,2025-03-02T20:00:00.000+00:00,,
3208996,2025-02-28T10:17:24.000+00:00,5/50010069,FIPOR,CADEB,DKGFH,False,False,True,2,Nunavik,9673850.0,MH,60,538005278,"Fednav International Ltd., Olmar Pori Oy",Kallonlahti 2,MÄNTYLUOTO,2025-01-29T11:00:00.000+00:00,2025-02-08T06:00:00.000+00:00,2025-01-29T12:30:00.000+00:00,2025-02-08T06:00:00.000+00:00
3210325,2025-02-28T06:27:38.000+00:00,0/725685,FIHEL,FIMHQ,FIMHQ,False,False,True,1,Gabriella,8917601.0,FI,20,230361000,"Viking Line  Abp, Viking Line Abp / Helsinki",NOKKA 3,Eteläsatama,2025-02-25T08:10:00.000+00:00,2025-02-25T15:15:00.000+00:00,2025-02-25T08:10:00.000+00:00,2025-02-25T15:10:00.000+00:00
3210326,2025-02-27T16:30:04.000+00:00,0/725686,FIHEL,FIMHQ,FIMHQ,False,False,True,1,Gabriella,8917601.0,FI,20,230361000,"Viking Line  Abp, Viking Line Abp / Helsinki",NOKKA 3,Eteläsatama,2025-02-27T08:10:00.000+00:00,2025-02-27T15:15:00.000+00:00,2025-02-27T08:10:00.000+00:00,2025-02-27T15:12:00.000+00:00
3210669,2025-02-28T11:04:54.000+00:00,0/725770,FIANK,RULED,EGPSD,False,False,True,3,Eagle S,9329760.0,CK,81,518998865,"Caravella L.L.C-FZ, Oy Galea Shipping Ab",Ei tiedossa,Ei tiedossa,2024-12-28T14:05:00.000+00:00,2025-03-02T07:00:00.000+00:00,2024-12-28T14:05:00.000+00:00,
3210883,2025-02-27T15:14:47.000+00:00,4/00284161,FIHEL,EETLL,EETLL,False,False,True,1,Megastar,9773064.0,EE,20,276829000,"Tallink Silja Oy, Tallink Silja Oy",Jätkän laituripaikka 7,Länsisatama,2025-02-14T13:30:00.000+00:00,2025-02-14T14:30:00.000+00:00,2025-02-14T13:33:00.000+00:00,2025-02-14T14:53:00.000+00:00
3210959,2025-02-28T12:48:40.000+00:00,4/00284280,FIHEL,EETLL,EETLL,False,False,True,1,Megastar,9773064.0,EE,20,276829000,"Tallink Silja Oy, Tallink Silja Oy",Jätkän laituripaikka 7,Länsisatama,2025-02-23T07:30:00.000+00:00,2025-02-23T08:30:00.000+00:00,2025-02-23T07:32:00.000+00:00,2025-02-23T08:15:00.000+00:00
3211822,2025-02-28T10:10:03.000+00:00,2/200443487,FIHEL,DETRV,FIHKO,False,False,True,1,Finntide,9468920.0,FI,40,230631000,"Finnlines Oyj., Finnlines Oyj",VG6,Vuosaaren satama,2025-02-28T04:45:00.000+00:00,2025-02-28T19:00:00.000+00:00,2025-02-28T04:16:00.000+00:00,
3211963,2025-02-28T14:15:06.000+00:00,20/1606832,FIKOK,FIOUL,FIUKI,False,False,True,4,Neckarborg,9357494.0,NL,70,244768000,"Wagenborg Shipping B/V, Oy Galea Shipping Ab",Hopeakiven laituri 2,HOPEAKIVEN SATAMA,2025-02-01T16:30:00.000+00:00,2025-02-03T14:00:00.000+00:00,2025-02-01T18:15:00.000+00:00,2025-02-03T14:00:00.000+00:00
3212170,2025-02-28T12:50:59.000+00:00,0/725914,FILAN,FINLI,FINLI,True,True,True,1,Fjärdvägen,7226952.0,FI,40,230341000,"Rederi Ab Lillgaard, Rederi Ab Lillgaard",Ei tiedossa,Ei tiedossa,2025-02-28T03:30:00.000+00:00,2025-02-28T13:00:00.000+00:00,2025-02-28T03:27:00.000+00:00,2025-02-28T12:30:00.000+00:00
3212189,2025-02-27T22:16:06.000+00:00,0/725933,FINLI,FILAN,FILAN,True,True,True,1,Fjärdvägen,7226952.0,FI,40,230341000,"Rederi Ab Lillgaard, Rederi Ab Lillgaard",Ro-Ro 20,Kantasatama,2025-02-27T18:00:00.000+00:00,2025-02-27T22:30:00.000+00:00,2025-02-27T18:01:00.000+00:00,2025-02-27T22:00:00.000+00:00
3212190,2025-02-28T10:39:38.000+00:00,0/725934,FINLI,FILAN,FILAN,True,True,True,1,Fjärdvägen,7226952.0,FI,40,230341000,"Rederi Ab Lillgaard, Rederi Ab Lillgaard",Ro-Ro 20,Kantasatama,2025-02-28T18:00:00.000+00:00,2025-02-28T22:30:00.000+00:00,,
3212561,2025-02-28T13:00:05.000+00:00,0/726054,FIHEL,EETLL,EETLL,False,False,True,1,Viking XPRS,9375654.0,FI,20,230705000,"Viking Line  Abp, Viking Line Abp / Helsinki",NOKKA 4,Eteläsatama,2025-02-28T11:15:00.000+00:00,2025-02-28T12:15:00.000+00:00,2025-02-28T11:15:00.000+00:00,2025-02-28T12:05:00.000+00:00
3212568,2025-02-28T06:30:04.000+00:00,0/726061,FIHEL,EETLL,EETLL,False,False,True,1,Viking XPRS,9375654.0,FI,20,230705000,"Viking Line  Abp, Viking Line Abp / Helsinki",NOKKA 4,Eteläsatama,2025-02-28T04:45:00.000+00:00,2025-02-28T05:45:00.000+00:00,2025-02-28T04:47:00.000+00:00,2025-02-28T05:35:00.000+00:00
3212586,2025-02-28T13:33:31.000+00:00,0/726079,FIHEL,EETLL,EETLL,False,False,True,1,Viking XPRS,9375654.0,FI,20,230705000,"Viking Line Abp / Helsinki, Viking Line  Abp",NOKKA 4,Eteläsatama,2025-02-27T07:30:00.000+00:00,2025-02-27T08:30:00.000+00:00,2025-02-27T07:35:00.000+00:00,2025-02-27T08:27:00.000+00:00
3212603,2025-02-27T19:30:03.000+00:00,0/726094,FIHEL,EETLL,EETLL,False,False,True,1,Viking XPRS,9375654.0,FI,20,230705000,"Viking Line Abp / Helsinki, Viking Line  Abp",NOKKA 4,Eteläsatama,2025-02-27T17:30:00.000+00:00,2025-02-27T18:30:00.000+00:00,2025-02-27T17:37:00.000+00:00,2025-02-27T18:30:00.000+00:00
3212648,2025-02-27T23:12:07.000+00:00,0/726117,FILAN,FITKU,SESTO,False,False,True,2,Viking Grace,9606900.0,FI,20,230629000,"Viking Line Abp / Mariehamn, Viking Line  Abp, Viking Line Abp / Helsinki",Ei tiedossa,Ei tiedossa,2025-02-27T23:05:00.000+00:00,2025-02-27T23:10:00.000+00:00,2025-02-27T23:05:00.000+00:00,2025-02-27T23:10:00.000+00:00
3212663,2025-02-28T01:21:30.000+00:00,0/726124,FILAN,SESTO,FITKU,False,False,True,2,Viking Glory,9827877.0,FI,20,230041000,"Viking Line  Abp, Viking Line Abp / Helsinki, Viking Line Abp / Mariehamn",Ei tiedossa,Ei tiedossa,2025-02-28T01:15:00.000+00:00,2025-02-28T01:20:00.000+00:00,2025-02-28T01:15:00.000+00:00,2025-02-28T01:20:00.000+00:00
3212862,2025-02-28T02:34:20.000+00:00,0/726174,FIMHQ,FIHEL,SESTO,False,False,True,2,Gabriella,8917601.0,FI,20,230361000,"Viking Line Abp / Helsinki, Viking Line Abp / Mariehamn, Viking Line  Abp",Västra Hamnen,Ei tiedossa,2025-02-28T02:25:00.000+00:00,2025-02-28T02:30:00.000+00:00,2025-02-28T02:24:00.000+00:00,2025-02-28T02:32:00.000+00:00
3212867,2025-02-28T12:39:39.000+00:00,0/726179,FIMHQ,SESTO,FITKU,False,False,True,2,Viking Grace,9606900.0,FI,20,230629000,"Viking Line Abp / Mariehamn, Viking Line  Abp, Viking Line Abp / Helsinki",Västra Hamnen,Ei tiedossa,2025-02-28T12:10:00.000+00:00,2025-02-28T12:25:00.000+00:00,2025-02-28T12:10:00.000+00:00,2025-02-28T12:22:00.000+00:00
3212878,2025-02-28T12:43:24.000+00:00,0/726186,FIMHQ,FITKU,SESTO,False,False,True,2,Viking Glory,9827877.0,FI,20,230041000,"Viking Line  Abp, Viking Line Abp / Mariehamn, Viking Line Abp / Helsinki",Västra Hamnen,Ei tiedossa,2025-02-28T12:10:00.000+00:00,2025-02-28T12:25:00.000+00:00,2025-02-28T12:10:00.000+00:00,2025-02-28T12:23:00.000+00:00
3212885,2025-02-28T05:18:28.000+00:00,0/726193,FIMHQ,SESTO,SESTO,False,False,True,2,Birka Gotland,9273727.0,SE,10,266314000,"Viking Line Abp / Mariehamn, Viking Line Abp / Helsinki, Gotland Alandia Cruises AB",Västra Hamnen,Ei tiedossa,2025-02-28T04:30:00.000+00:00,2025-02-28T05:30:00.000+00:00,2025-02-28T04:25:00.000+00:00,2025-02-28T05:18:00.000+00:00
3212899,2025-02-27T21:25:46.000+00:00,0/726199,FIMHQ,SESTO,FIHEL,False,False,True,2,Viking Cinderella,8719188.0,FI,20,230713000,"Viking Line Abp / Mariehamn, Viking Line  Abp, Viking Line Abp / Helsinki",Västra Hamnen,Ei tiedossa,2025-02-27T21:20:00.000+00:00,2025-02-27T21:25:00.000+00:00,2025-02-27T21:15:00.000+00:00,2025-02-27T21:21:00.000+00:00
3213240,2025-02-27T17:30:04.000+00:00,4/00284408,FIHEL,EETLL,EETLL,False,False,True,1,Megastar,9773064.0,EE,20,276829000,"Tallink Silja Oy, Tallink Silja Oy",Jätkän laituripaikka 7,Länsisatama,2025-02-27T13:30:00.000+00:00,2025-02-27T14:30:00.000+00:00,2025-02-27T13:33:00.000+00:00,2025-02-27T14:16:00.000+00:00
3213245,2025-02-28T12:51:13.000+00:00,4/00284390,FIHEL,EETLL,EETLL,False,False,True,1,Megastar,9773064.0,EE,20,276829000,"Tallink Silja Oy, Tallink Silja Oy",Jätkän laituripaikka 7,Länsisatama,2025-02-24T13:30:00.000+00:00,2025-02-24T14:30:00.000+00:00,2025-02-24T13:32:00.000+00:00,2025-02-24T14:14:00.000+00:00
3213250,2025-02-27T21:30:04.000+00:00,4/00284410,FIHEL,EETLL,EETLL,False,False,True,1,Megastar,9773064.0,EE,20,276829000,"Tallink Silja Oy, Tallink Silja Oy",Jätkän laituripaikka 7,Länsisatama,2025-02-27T19:30:00.000+00:00,2025-02-27T20:30:00.000+00:00,2025-02-27T19:33:00.000+00:00,2025-02-27T20:14:00.000+00:00
3213256,2025-02-28T14:16:16.000+00:00,4/00284414,FIHEL,EETLL,EETLL,False,False,True,1,Megastar,9773064.0,EE,20,276829000,"Tallink Silja Oy, Tallink Silja Oy",Jätkän laituripaikka 7,Länsisatama,2025-02-28T13:30:00.000+00:00,2025-02-28T14:30:00.000+00:00,2025-02-28T13:32:00.000+00:00,2025-02-28T14:15:00.000+00:00
3213261,2025-02-28T09:30:07.000+00:00,4/00284412,FIHEL,EETLL,EETLL,True,False,True,1,Megastar,9773064.0,EE,20,276829000,"Tallink Silja Oy, Tallink Silja Oy",Jätkän laituripaikka 7,Länsisatama,2025-02-28T07:30:00.000+00:00,2025-02-28T08:30:00.000+00:00,2025-02-28T07:35:00.000+00:00,2025-02-28T08:15:00.000+00:00
3213264,2025-02-28T09:30:07.000+00:00,4/00284491,FIHEL,FIMHQ,FIMHQ,False,False,True,1,Silja Symphony,8803769.0,SE,20,265004000,"Tallink Silja Oy, Tallink Silja Oy",ETELÄ 2,Eteläsatama,2025-02-28T08:30:00.000+00:00,2025-02-28T15:00:00.000+00:00,2025-02-28T08:34:00.000+00:00,
3213283,2025-02-28T14:11:39.000+00:00,4/00284506,FIHEL,EETLL,EETLL,False,False,True,1,Victoria I,9281281.0,EE,20,0,"Tallink Silja Oy, Tallink Silja Oy",Jätkän lauttapaikka 6,Länsisatama,2025-02-28T14:00:00.000+00:00,2025-02-28T16:35:00.000+00:00,2025-02-28T14:00:00.000+00:00,
3213287,2025-02-28T06:30:04.000+00:00,4/00284452,FIHEL,EETLL,EETLL,False,False,True,1,MyStar,9892690.0,EE,20,276859000,"Tallink Silja Oy, Tallink Silja Oy",Jätkän laituripaikka 7,Länsisatama,2025-02-27T22:30:00.000+00:00,2025-02-28T05:30:00.000+00:00,2025-02-27T22:35:00.000+00:00,2025-02-28T05:15:00.000+00:00
3213291,2025-02-28T12:30:04.000+00:00,4/00284454,FIHEL,EETLL,EETLL,False,False,True,1,MyStar,9892690.0,EE,20,276859000,"Tallink Silja Oy, Tallink Silja Oy",Jätkän laituripaikka 7,Länsisatama,2025-02-28T10:30:00.000+00:00,2025-02-28T11:30:00.000+00:00,2025-02-28T10:35:00.000+00:00,2025-02-28T11:15:00.000+00:00
3213300,2025-02-27T18:30:04.000+00:00,4/00284450,FIHEL,EETLL,EETLL,False,False,True,1,MyStar,9892690.0,EE,20,276859000,"Tallink Silja Oy, Tallink Silja Oy",Jätkän laituripaikka 7,Länsisatama,2025-02-27T16:30:00.000+00:00,2025-02-27T17:30:00.000+00:00,2025-02-27T16:33:00.000+00:00,2025-02-27T17:13:00.000+00:00
3213310,2025-02-27T21:59:45.000+00:00,4/00284490,FIMHQ,SESTO,FIHEL,False,False,True,3,Silja Symphony,8803769.0,SE,20,265004000,"Tallink Silja Oy, Tallink Silja Oy",Västra Hamnen,Ei tiedossa,2025-02-27T21:45:00.000+00:00,2025-02-27T21:55:00.000+00:00,2025-02-27T21:45:00.000+00:00,2025-02-27T21:55:00.000+00:00
3213315,2025-02-27T17:30:04.000+00:00,4/00284504,FIHEL,EETLL,EETLL,False,False,True,1,Victoria I,9281281.0,EE,20,0,"Tallink Silja Oy, Tallink Silja Oy",Jätkän lauttapaikka 6,Länsisatama,2025-02-27T14:00:00.000+00:00,2025-02-27T16:35:00.000+00:00,2025-02-27T14:00:00.000+00:00,2025-02-27T16:36:00.000+00:00
3213335,2025-02-28T12:56:25.000+00:00,4/00284436,FIHEL,EETLL,EETLL,False,False,True,1,MyStar,9892690.0,EE,20,276859000,"Tallink Silja Oy, Tallink Silja Oy",Jätkän laituripaikka 7,Länsisatama,2025-02-25T10:30:00.000+00:00,2025-02-25T11:30:00.000+00:00,2025-02-25T10:30:00.000+00:00,2025-02-25T11:15:00.000+00:00
3213337,2025-02-28T02:19:51.000+00:00,4/00284476,FIMHQ,FIHEL,SESTO,False,False,True,3,Silja Serenade,8715259.0,FI,20,230184000,"Tallink Silja Oy, Tallink Silja Oy",Västra Hamnen,Ei tiedossa,2025-02-28T02:15:00.000+00:00,2025-02-28T02:20:00.000+00:00,2025-02-28T02:15:00.000+00:00,2025-02-28T02:19:00.000+00:00
3213382,2025-02-27T17:30:04.000+00:00,4/00284475,FIHEL,FIMHQ,FIMHQ,False,False,True,1,Silja Serenade,8715259.0,FI,20,230184000,"Tallink Silja Oy, Tallink Silja Oy",ETELÄ 2,Eteläsatama,2025-02-27T08:30:00.000+00:00,2025-02-27T15:00:00.000+00:00,2025-02-27T08:39:00.000+00:00,2025-02-27T14:55:00.000+00:00
3213865,2025-02-27T14:30:05.000+00:00,2/200443534,FIHEL,DETRV,DETRV,False,False,True,1,Finnstar,9319442.0,FI,20,230981000,"Finnlines Oyj., Finnlines Oyj",VC2,Vuosaaren satama,2025-02-27T08:00:00.000+00:00,2025-02-27T13:00:00.000+00:00,2025-02-27T07:49:00.000+00:00,2025-02-27T13:16:00.000+00:00
3213903,2025-02-28T14:00:04.000+00:00,2/200443539,FIHEL,DETRV,DETRV,False,False,True,1,Finnlady,9336268.0,FI,20,230987000,"Finnlines Oyj, Finnlines Oyj.",VC2,Vuosaaren satama,2025-02-28T08:00:00.000+00:00,2025-02-28T13:00:00.000+00:00,2025-02-28T07:45:00.000+00:00,2025-02-28T13:00:00.000+00:00
3213946,2025-02-28T01:20:05.000+00:00,2/200443543,FIHEL,DETRV,DETRV,False,False,True,1,Finnmaid,9319466.0,FI,20,230982000,Finnlines Oyj,,,2025-03-01T08:00:00.000+00:00,2025-03-01T13:00:00.000+00:00,,
3214768,2025-02-27T21:29:18.000+00:00,19/1904755,FIRAU,DECUX,GBSOU,False,False,True,3,Suomigracht,9288057.0,NL,70,246100000,"Euroports Rauma Oy, Spliethoff¿s Bevrachtingskantoor B.V.",Ro-Ro 6,Iso-Hakuni,2025-02-23T17:05:00.000+00:00,2025-02-27T13:00:00.000+00:00,2025-02-23T16:30:00.000+00:00,2025-02-27T20:10:00.000+00:00
3215065,2025-02-28T13:50:04.000+00:00,2/200443585,FINLI,FILAN,FILAN,False,False,True,1,Finncanopus,9902421.0,FI,20,230704000,"Finnlines Oyj, Finnlines Oyj.",Ro-Ro 27,Kantasatama,2025-02-28T18:10:00.000+00:00,2025-02-28T20:45:00.000+00:00,,
3215075,2025-02-28T13:37:21.000+00:00,2/200443584,FILAN,SEKPS,FINLI,False,False,True,3,Finncanopus,9902421.0,FI,20,230704000,"Finnlines Oyj., Finnlines Oyj",Ei tiedossa,Ei tiedossa,2025-02-28T13:15:00.000+00:00,2025-02-28T13:30:00.000+00:00,2025-02-28T13:15:00.000+00:00,2025-02-28T13:30:00.000+00:00
3215076,2025-02-28T05:20:41.000+00:00,2/200443582,FINLI,FILAN,FILAN,False,False,True,1,Finncanopus,9902421.0,FI,20,230704000,"Finnlines Oyj, Finnlines Oyj.",Ro-Ro 27,Kantasatama,2025-02-27T18:10:00.000+00:00,2025-02-27T20:45:00.000+00:00,2025-02-27T18:10:00.000+00:00,2025-02-27T20:45:00.000+00:00
3215096,2025-02-28T05:22:26.000+00:00,2/200443583,FILAN,FINLI,SEKPS,False,False,True,2,Finncanopus,9902421.0,FI,20,230704000,"Finnlines Oyj., Finnlines Oyj",Ei tiedossa,Ei tiedossa,2025-02-28T01:45:00.000+00:00,2025-02-28T01:55:00.000+00:00,2025-02-28T01:45:00.000+00:00,2025-02-28T01:55:00.000+00:00
3215126,2025-02-28T12:20:08.000+00:00,2/200443590,FILAN,SEKPS,FINLI,False,False,True,1,Finncanopus,9902421.0,FI,20,230704000,"Finnlines Oyj., Finnlines Oyj",Ei tiedossa,Ei tiedossa,2025-03-02T13:15:00.000+00:00,2025-03-02T13:30:00.000+00:00,,
3215128,2025-02-28T12:20:07.000+00:00,2/200443589,FILAN,FINLI,SEKPS,False,False,True,1,Finncanopus,9902421.0,FI,20,230704000,"Finnlines Oyj, Finnlines Oyj.",Ei tiedossa,Ei tiedossa,2025-03-02T01:45:00.000+00:00,2025-03-02T01:55:00.000+00:00,,
3215158,2025-02-28T05:17:30.000+00:00,2/200443622,FILAN,SEKPS,FINLI,False,False,True,3,Finnsirius,9902419.0,FI,20,0,"Finnlines Oyj, Finnlines Oyj.",Ei tiedossa,Ei tiedossa,2025-02-28T00:00:00.000+00:00,2025-02-28T00:10:00.000+00:00,2025-02-28T00:00:00.000+00:00,2025-02-28T00:10:00.000+00:00
3215173,2025-02-28T13:12:18.000+00:00,2/200443624,FILAN,FINLI,SEKPS,False,False,True,2,Finnsirius,9902419.0,FI,20,0,"Finnlines Oyj., Finnlines Oyj",Ei tiedossa,Ei tiedossa,2025-02-28T12:45:00.000+00:00,2025-02-28T13:00:00.000+00:00,2025-02-28T12:45:00.000+00:00,2025-02-28T13:00:00.000+00:00
3215181,2025-02-28T08:52:34.000+00:00,2/200443623,FINLI,FILAN,FILAN,False,False,True,1,Finnsirius,9902419.0,FI,20,0,"Finnlines Oyj, Finnlines Oyj.",Ro-Ro 27,Kantasatama,2025-02-28T05:15:00.000+00:00,2025-02-28T08:00:00.000+00:00,2025-02-28T05:15:00.000+00:00,2025-02-28T08:00:00.000+00:00
3215188,2025-02-28T08:20:05.000+00:00,2/200443625,FILAN,SEKPS,FINLI,False,False,True,1,Finnsirius,9902419.0,FI,20,0,"Finnlines Oyj, Finnlines Oyj.",Ei tiedossa,Ei tiedossa,2025-03-01T00:00:00.000+00:00,2025-03-01T00:10:00.000+00:00,,
3216002,2025-02-28T11:56:17.000+00:00,0/726909,FIKTK,FRCOZ,FIKOK,False,False,True,2,Trito Navigator,9631357.0,NL,70,245237000,"ForestWave Chartering BV, C & C Port Agency Finland Oy Ltd, Helsinki",MUSA2,MUSSALO (KUIVA),2025-02-27T23:30:00.000+00:00,2025-03-03T14:00:00.000+00:00,2025-02-27T23:48:00.000+00:00,
3217048,2025-02-27T18:15:07.000+00:00,5/50010080,FIPOR,NLMOE,FIKTK,False,False,True,4,Eliki,9470325.0,LR,60,0,"Olmar Pori Oy, Sequana Maitime Ltd-London",KALLONLAHTI 20,MÄNTYLUOTO,2025-02-11T18:00:00.000+00:00,2025-02-27T16:30:00.000+00:00,2025-02-11T18:48:00.000+00:00,2025-02-27T16:30:00.000+00:00
3217068,2025-02-28T09:45:10.000+00:00,20/1606856,FIKOK,FITOR,SENRK,False,False,True,4,Calamar,9528512.0,CY,70,209732000,"Oy Galea Shipping Ab, AtoB@C Shipping Ab",Kantasataman laituri 1,KANTASATAMA,2025-02-11T07:00:00.000+00:00,2025-02-13T15:00:00.000+00:00,2025-02-11T06:50:00.000+00:00,2025-02-13T15:00:00.000+00:00
3217101,2025-02-28T03:30:07.000+00:00,20/1606858,FIKOK,FIUKI,FIUKI,False,False,True,4,Reymar,9552032.0,CY,60,212880000,"Oy Galea Shipping Ab, AtoB@C Shipping Ab",Hopeakiven laituri 2,HOPEAKIVEN SATAMA,2025-02-12T19:00:00.000+00:00,2025-02-14T11:00:00.000+00:00,2025-02-12T20:30:00.000+00:00,2025-02-14T11:00:00.000+00:00
3217145,2025-02-28T07:24:31.000+00:00,2/200443683,FIHKO,DERSK,DERSK,False,False,True,1,Finnpulp,9212644.0,FI,40,230643000,"Finnlines Oyj., Finnlines Oyj",Roro 3,LÄNSISATAMA,2025-02-28T05:00:00.000+00:00,2025-03-01T10:00:00.000+00:00,2025-02-28T04:30:00.000+00:00,
3217224,2025-02-27T14:30:59.000+00:00,2/200443689,FIHKO,DERSK,DERSK,False,False,True,1,Finnmill,9212656.0,FI,40,230642000,"Finnlines Oyj, Finnlines Oyj.",Roro 3,LÄNSISATAMA,2025-02-27T04:00:00.000+00:00,2025-02-27T12:00:00.000+00:00,2025-02-27T03:55:00.000+00:00,2025-02-27T11:35:00.000+00:00
3217503,2025-02-28T10:45:11.000+00:00,20/1606866,FIKOK,SESUS,BEANR,False,False,True,1,Tali,9173692.0,FI,70,230916000,"Oy Galea Shipping Ab, ESL Shipping Oy",Kantasataman laituri 2,KANTASATAMA,2025-02-15T04:30:00.000+00:00,2025-02-19T23:00:00.000+00:00,2025-02-15T05:00:00.000+00:00,2025-02-19T23:00:00.000+00:00
3217760,2025-02-28T11:30:06.000+00:00,20/1606869,FIKOK,FRBOL,FIRAU,False,False,True,1,Solymar,9167344.0,CY,70,209664000,"AtoB@C Shipping Ab, Oy Galea Shipping Ab",Kantasataman laituri 2,KANTASATAMA,2025-02-18T16:00:00.000+00:00,2025-02-20T16:00:00.000+00:00,2025-02-18T17:50:00.000+00:00,2025-02-20T16:00:00.000+00:00
3217970,2025-02-28T09:19:56.000+00:00,0/727117,FITOR,PLSZZ,FIRAA,False,False,True,1,Lauwersborg,9399387.0,NL,70,244828000,"Outokumpu Shipping Oy, Wagenborg Shipping B/V",Seitsemän,Seitsemän,2025-02-19T14:00:00.000+00:00,2025-02-28T08:00:00.000+00:00,2025-02-19T14:52:00.000+00:00,2025-02-28T08:14:00.000+00:00
3218479,2025-02-27T22:50:40.000+00:00,4/00284679,FIMHQ,SESTO,EETLL,False,False,True,3,Baltic Queen,9443255.0,EE,20,276779000,"Tallink Silja Oy, Tallink Silja Oy",Västra Hamnen,Ei tiedossa,2025-02-27T22:50:00.000+00:00,2025-02-27T23:00:00.000+00:00,2025-02-27T22:40:00.000+00:00,2025-02-27T22:50:00.000+00:00
3218563,2025-02-28T13:42:39.000+00:00,0/727153,FIKEM,FISKV,FISKV,True,True,True,1,Saana,9739836.0,FI,81,0,"Neste Shipping Oy, C & C Port Agency Finland Oy Ltd, Helsinki",LAITURI 1,Öljysatama,2025-02-27T10:00:00.000+00:00,2025-02-28T11:00:00.000+00:00,2025-02-27T11:10:00.000+00:00,2025-02-28T11:35:00.000+00:00
3218567,2025-02-28T13:45:06.000+00:00,7/70007597,FIOUL,FIKTK,ESLEI,False,False,True,3,Exeborg,9650482.0,NL,60,244750716,"Wagenborg Shipping B/V, Herman Andersson Oy",101,ORITKARI,2025-02-26T21:59:00.000+00:00,2025-02-28T21:59:00.000+00:00,2025-02-27T00:40:00.000+00:00,
3218572,2025-02-28T07:49:07.000+00:00,0/727156,FIRAU,FIKOK,GBSEA,False,False,True,4,Solymar,9167344.0,CY,70,209664000,"C & C Port Agency Finland Oy Ltd, Helsinki, AtoB@C Shipping Ab",Nro 15,Laitsaari,2025-02-22T08:15:00.000+00:00,2025-02-26T18:00:00.000+00:00,2025-02-22T08:35:00.000+00:00,2025-02-26T20:00:00.000+00:00
3218810,2025-02-28T08:54:48.000+00:00,0/727203,FISKV,PLGDN,PLGDN,False,False,True,1,Eco Freeze,9755658.0,MH,82,538007841,"C & C Port Agency Finland Oy Ltd, Helsinki, Neste Shipping Oy",Öljylaituri,Öljylaituri,2025-02-27T08:30:00.000+00:00,2025-02-28T12:00:00.000+00:00,2025-02-27T08:50:00.000+00:00,
3218848,2025-02-28T09:30:06.000+00:00,5/50010085,FIPOR,DEBRB,FIRAU,False,False,True,1,Alamosborg,9466348.0,NL,70,246830000,"Olmar Pori Oy, Wagenborg Shipping B/V",Kallonlahti 2,MÄNTYLUOTO,2025-02-20T18:00:00.000+00:00,2025-03-01T13:00:00.000+00:00,2025-02-20T20:10:00.000+00:00,
3218862,2025-02-28T06:30:06.000+00:00,20/1606879,FIKOK,FITOR,NOHRY,False,False,True,4,Scheldebank,9439474.0,NL,70,244870000,"Oy Galea Shipping Ab, Wagenborg Shipping B/V",Kantasataman laituri 1,KANTASATAMA,2025-02-20T23:30:00.000+00:00,2025-02-22T22:30:00.000+00:00,2025-02-21T01:30:00.000+00:00,2025-02-22T23:00:00.000+00:00
3219216,2025-02-28T10:22:36.000+00:00,8/90201737,FIRAU,FIHKO,FIHKO,False,False,True,1,Pulpca,9345386.0,NL,40,245097000,"Oy Transfennica  Ab, Oy Transfennica Ab",Ro-Ro 4,Iso-Hakuni,2025-02-25T05:00:00.000+00:00,2025-02-25T18:30:00.000+00:00,2025-02-25T04:15:00.000+00:00,2025-02-25T19:05:00.000+00:00
3219223,2025-02-28T11:24:09.000+00:00,8/90106241,FIKTK,FIHKO,FIHKO,False,False,True,1,Timca,9307358.0,NL,40,246521000,"Oy Transfennica  Ab, Oy Transfennica Ab",HIEH5,HIETANEN,2025-02-26T20:00:00.000+00:00,2025-02-28T19:00:00.000+00:00,2025-02-26T20:45:00.000+00:00,
3219233,2025-02-27T15:16:46.000+00:00,19/1904772,FIRAU,PLSZZ,ISTHH,False,False,True,4,Hav Brim,9361756.0,FO,70,231234000,"Euroports Rauma Oy, Navigare Logistics AS",P1,"Petäjäs, Bulksatama",2025-02-18T16:00:00.000+00:00,2025-02-25T22:00:00.000+00:00,2025-02-18T16:16:00.000+00:00,2025-02-27T14:05:00.000+00:00
3219248,2025-02-28T06:15:12.000+00:00,20/1606885,FIKOK,PTSET,FIPRS,False,False,True,1,Mississippiborg,9207508.0,NL,70,244976000,"Wagenborg Shipping B/V, Oy Galea Shipping Ab",Syvälaituri 9,SYVÄSATAMA,2025-02-24T20:00:00.000+00:00,2025-02-27T02:30:00.000+00:00,2025-02-24T20:00:00.000+00:00,2025-02-27T02:30:00.000+00:00
3219465,2025-02-28T06:15:15.000+00:00,20/1606886,FIKOK,NLVLI,DERSK,False,False,True,1,Doggersbank,9341768.0,NL,70,246555000,"Oy Galea Shipping Ab, Wagenborg Shipping B/V",Kantasataman laituri 1,KANTASATAMA,2025-02-23T05:00:00.000+00:00,2025-02-27T10:00:00.000+00:00,2025-02-23T07:25:00.000+00:00,2025-02-27T10:00:00.000+00:00
3219491,2025-02-28T13:00:06.000+00:00,19/1904774,FIRAU,FIKEM,USBAL,False,False,True,3,Roerborg,9592599.0,NL,70,0,"Euroports Rauma Oy, Wagenborg Shipping B/V",Ro-Ro 6,Iso-Hakuni,2025-03-01T14:05:00.000+00:00,2025-03-06T21:05:00.000+00:00,,
3219510,2025-02-28T06:31:58.000+00:00,0/727366,FIKTK,EEPRN,SEGVX,False,False,True,1,Saaremaa,9973274.0,PT,70,0,"Navalis Shipping gmbh & co. kg, C & C Port Agency Finland Oy Ltd, Helsinki",HALU2,HALLA,2025-02-25T07:00:00.000+00:00,2025-02-28T12:00:00.000+00:00,2025-02-25T06:10:00.000+00:00,
3219511,2025-02-28T05:48:50.000+00:00,0/727367,FIKTK,LVRIX,EESLM,False,False,True,1,Österbotten,9247120.0,PT,70,255619000,"Navalis Shipping gmbh & co. kg, C & C Port Agency Finland Oy Ltd, Helsinki",HALU1,HALLA,2025-02-26T01:00:00.000+00:00,2025-02-28T03:00:00.000+00:00,2025-02-26T02:00:00.000+00:00,2025-02-28T03:10:00.000+00:00
3219694,2025-02-28T09:21:22.000+00:00,0/727376,FIRAU,FITOR,NLVLI,False,False,True,4,Reiderdijk,9454838.0,PT,70,0,"AtoB@C Shipping Ab, C & C Port Agency Finland Oy Ltd, Helsinki",Ro-Ro 1,Keskuslaituri,2025-02-24T08:30:00.000+00:00,2025-02-27T19:00:00.000+00:00,2025-02-24T08:40:00.000+00:00,2025-02-27T22:05:00.000+00:00
3219736,2025-02-28T09:53:17.000+00:00,0/727379,FITOR,FRBOL,FITOR,False,False,True,1,Skagenbank,9313864.0,NL,70,245306000,"Outokumpu Shipping Oy, Wagenborg Shipping B/V",Seitsemän,Seitsemän,2025-02-25T19:30:00.000+00:00,2025-02-28T08:00:00.000+00:00,2025-02-25T19:33:00.000+00:00,2025-02-28T08:20:00.000+00:00
3219739,2025-02-28T09:55:46.000+00:00,0/727381,FITOR,FIOUL,BEANR,False,False,True,2,Peyton Lynn C,9295531.0,AG,50,304474000,"Outokumpu Shipping Oy, Wallenius SOL Ab",Kolme,Kolme,2025-03-02T05:00:00.000+00:00,2025-03-02T16:00:00.000+00:00,,
3219740,2025-02-28T05:32:19.000+00:00,0/727382,FIHEL,BEZEE,FIRAU,False,False,True,2,Valdivia,9333395.0,PT,50,0,"C & C Port Agency Finland Oy Ltd, Helsinki, MSC Finland Oy",VEC,Vuosaaren satama,2025-02-28T03:30:00.000+00:00,2025-02-28T19:00:00.000+00:00,2025-02-28T03:29:00.000+00:00,
3219741,2025-02-28T10:19:22.000+00:00,0/727383,FIRAU,FIHEL,LTKLJ,False,False,True,2,Valdivia,9333395.0,PT,50,0,"MSC Finland Oy, C & C Port Agency Finland Oy Ltd, Helsinki",Konttilaituri 3,"Petäjäs, Konttilaituri",2025-03-03T03:30:00.000+00:00,2025-03-04T12:30:00.000+00:00,,
3219856,2025-02-27T18:35:21.000+00:00,0/727400,FIHEL,FIINK,DEWIS,False,False,True,4,Emilie,9148128.0,FI,70,0,"Oy Aug. Ljungqvist Ab, Loviisa, Meriaura Oy",Pitkälaituri,Loviisa,2025-02-18T17:00:00.000+00:00,2025-02-20T13:00:00.000+00:00,2025-02-18T16:15:00.000+00:00,2025-02-20T13:00:00.000+00:00
3219933,2025-02-28T13:48:23.000+00:00,0/727420,FITOR,NLVLI,USTOL,False,False,True,4,Volgaborg,9631072.0,NL,70,0,"Outokumpu Shipping Oy, Wagenborg Shipping B/V",Neljä,Neljä,2025-02-27T05:00:00.000+00:00,2025-02-28T15:17:00.000+00:00,2025-02-27T03:40:00.000+00:00,2025-02-28T13:12:00.000+00:00
3219944,2025-02-27T14:27:15.000+00:00,0/727425,FIHEL,NLRTM,FIKTK,False,False,True,2,Nordica,9483695.0,NL,50,210207000,"Unifeeder A/S, Unifeeder A/S",VD4,Vuosaaren satama,2025-02-24T12:00:00.000+00:00,2025-02-25T19:00:00.000+00:00,2025-02-24T11:31:00.000+00:00,2025-02-25T20:14:00.000+00:00
3219947,2025-02-28T12:12:39.000+00:00,0/727428,FITOR,NLDOR,NLTNZ,False,False,True,1,Laura,9126223.0,FI,70,230350000,"Langh Ship Oy, Outokumpu Shipping Oy",Viisi,Viisi,2025-02-26T16:00:00.000+00:00,2025-02-28T20:00:00.000+00:00,2025-02-26T15:50:00.000+00:00,
3219964,2025-02-28T09:34:15.000+00:00,19/1904778,FIRAU,DERSK,DERSK,False,False,True,1,Bore Wind,9892901.0,NL,40,0,"Upm-Kymmene Oyj, Seaways, Euroports Rauma Oy",Ro-Ro 3,Iso-Hakuni,2025-02-28T04:05:00.000+00:00,2025-03-01T10:00:00.000+00:00,2025-02-28T04:35:00.000+00:00,
3220000,2025-02-28T05:31:09.000+00:00,0/727437,FIOUL,SENRK,NLTNZ,False,False,True,4,Dutch Emerald,9191668.0,NL,83,246436000,"Essberger&Stolt Tankers GmbH, GAC Finland Oy",203,NUOTTASAARI,,,2025-02-27T21:40:00.000+00:00,
3220000,2025-02-28T05:31:09.000+00:00,0/727437,FIOUL,SENRK,NLTNZ,False,False,True,4,Dutch Emerald,9191668.0,NL,83,246436000,"Essberger&Stolt Tankers GmbH, GAC Finland Oy",301,VIHREÄSAARI,2025-02-28T00:00:00.000+00:00,2025-03-01T18:00:00.000+00:00,,
3220003,2025-02-28T14:08:34.000+00:00,0/727438,FIPOR,FIKTK,FIPOR,False,False,True,1,Bit Force,9256420.0,NL,80,244813000,"GAC Finland Oy, Shell International Trading and Shipping Company",Kemikaalilaituri no:29,TAHKOLUOTO,2025-02-28T13:00:00.000+00:00,2025-03-01T01:00:00.000+00:00,,
3220079,2025-02-28T10:11:02.000+00:00,8/90201738,FIRAU,FIHKO,GBTIL,False,False,True,2,Kraftca,9307360.0,NL,40,246554000,"Oy Transfennica  Ab, Oy Transfennica Ab",Ro-Ro 4,Iso-Hakuni,2025-02-27T05:00:00.000+00:00,2025-02-27T20:30:00.000+00:00,2025-02-27T05:00:00.000+00:00,2025-02-27T19:05:00.000+00:00
3220083,2025-02-28T07:36:43.000+00:00,0/727448,FIRAU,LVMRX,FRFEC,False,False,True,1,Delamar,9528500.0,CY,70,209731000,"Euroports Rauma Oy, AtoB@C Shipping Ab, C & C Port Agency Finland Oy Ltd, Helsinki",Metsä-Botnia,Metsä-Botnia,2025-02-24T23:30:00.000+00:00,2025-02-28T21:05:00.000+00:00,2025-02-25T03:40:00.000+00:00,
3220088,2025-02-28T01:05:05.000+00:00,0/727451,FIKTK,PLGDN,FIHEL,False,False,True,2,Nordic Istria,9474383.0,PT,50,255806452,"Orient Overseas Container Line Ltd., C & C Port Agency Finland Oy Ltd, Helsinki",MUSC1,MUSSALO (KONTTI),2025-02-26T17:00:00.000+00:00,2025-02-27T22:30:00.000+00:00,2025-02-26T18:10:00.000+00:00,2025-02-27T23:00:00.000+00:00
3220089,2025-02-28T14:00:05.000+00:00,0/727452,FIHEL,FIKTK,PLGDN,False,False,True,2,Nordic Istria,9474383.0,PT,50,255806452,"Orient Overseas Container Line Ltd., C & C Port Agency Finland Oy Ltd, Helsinki",VD4,Vuosaaren satama,2025-02-28T06:15:00.000+00:00,2025-02-28T18:00:00.000+00:00,2025-02-28T06:25:00.000+00:00,
3220104,2025-02-28T08:43:40.000+00:00,0/727459,FITOR,SEROR,NLRTM,False,False,True,4,Klaverbank,9518244.0,NL,70,246134000,"Outokumpu Shipping Oy, Wagenborg Shipping B/V",Kaksi,Kaksi,2025-02-25T14:00:00.000+00:00,2025-03-03T21:59:00.000+00:00,2025-02-25T13:45:00.000+00:00,
3220130,2025-02-28T10:11:31.000+00:00,0/727461,FIRAU,DEHAM,DEHAM,False,False,True,1,Elbinsel,9977426.0,PT,50,0,"Unifeeder A/S, Unifeeder A/S",Konttilaituri,"Petäjäs, Konttilaituri",2025-03-04T04:30:00.000+00:00,2025-03-07T13:00:00.000+00:00,,
3220133,2025-02-28T10:16:32.000+00:00,0/727462,FIKTK,EETLL,NLRTM,False,False,True,2,Elbsky,9412531.0,AG,50,305576000,"Unifeeder A/S, Unifeeder A/S",MUSC1,MUSSALO (KONTTI),2025-03-01T20:00:00.000+00:00,2025-03-02T17:00:00.000+00:00,,
3220135,2025-02-28T12:18:11.000+00:00,0/727464,FITKU,NOKMY,LVRIX,False,False,True,1,Baltic Madonna,9100138.0,FI,70,258967000,"Baltic Line AS, Mann Lines Oy",west40 kontti,Länsisatama,2025-02-24T08:00:00.000+00:00,2025-02-28T13:00:00.000+00:00,2025-02-24T08:00:00.000+00:00,2025-02-28T11:30:00.000+00:00
3220137,2025-02-28T05:00:04.000+00:00,0/727466,FIHEL,DEHAM,DEBRV,False,False,True,1,Gerda,9432232.0,CY,50,636092478,"Unifeeder A/S, Unifeeder A/S",VD4,Vuosaaren satama,2025-02-26T08:00:00.000+00:00,2025-02-28T02:00:00.000+00:00,2025-02-26T08:40:00.000+00:00,2025-02-28T03:15:00.000+00:00
3220142,2025-02-28T04:21:30.000+00:00,0/727469,FIKEM,NOMJF,FIRAU,False,False,True,4,Roerborg,9592599.0,NL,70,0,"Metsäliitto Osuuskunta, Port Opertations, Wagenborg Shipping B/V",LAITURI 7 LP2,Ajos,2025-02-25T00:00:00.000+00:00,2025-02-28T04:00:00.000+00:00,,2025-02-28T04:12:00.000+00:00
3220142,2025-02-28T04:21:30.000+00:00,0/727469,FIKEM,NOMJF,FIRAU,False,False,True,4,Roerborg,9592599.0,NL,70,0,"Metsäliitto Osuuskunta, Port Opertations, Wagenborg Shipping B/V",LAITURI 7 LP2,Ajos,,,2025-02-25T03:40:00.000+00:00,
3220144,2025-02-28T07:47:13.000+00:00,0/727471,FIPAR,FIINK,PLGDN,False,False,True,4,Friendland,9246906.0,LV,70,244017000,"Meriaura Oy, Inkoo Shipping Oy Ab",Maalaituri 1,Sementtisatama,2025-02-27T08:00:00.000+00:00,2025-02-28T07:00:00.000+00:00,2025-02-27T08:05:00.000+00:00,2025-02-28T07:30:00.000+00:00
3220148,2025-02-28T07:26:13.000+00:00,0/727474,FIINK,NOVER,FIKTK,False,False,True,1,Maasborg,9341720.0,NL,70,244575000,"Inkoo Shipping Oy Ab, Wagenborg Shipping B/V",Laituripaikka 5,Inkoo Shipping,2025-03-01T15:30:00.000+00:00,2025-03-04T20:00:00.000+00:00,,
3220165,2025-02-28T12:21:27.000+00:00,20/1606894,FIKOK,PTAVE,PTAVE,False,False,True,1,BBC Brisbane,9578763.0,AG,60,0,"Briese Chartering Gmbh&Co. Kg, Oy Galea Shipping Ab",Hopeakiven laituri 3,HOPEAKIVEN SATAMA,2025-02-28T10:00:00.000+00:00,2025-03-03T21:00:00.000+00:00,2025-02-28T11:00:00.000+00:00,
3220167,2025-02-28T12:31:04.000+00:00,0/727480,FITOR,NLMOE,FITOR,False,False,True,1,Myrte,9364136.0,NL,70,246110000,"Outokumpu Shipping Oy, ForestWave Chartering BV",Neljä,Neljä,2025-03-03T21:59:00.000+00:00,2025-03-04T21:59:00.000+00:00,,
3220271,2025-02-28T07:25:48.000+00:00,0/727557,FIINK,EESLM,LTKLJ,False,False,True,1,Prima Queen,9194282.0,FI,70,244890000,"Inkoo Shipping Oy Ab, Prima Shipping Oy",Laituripaikka 1,Inkoo Shipping,2025-02-26T17:30:00.000+00:00,2025-02-28T18:00:00.000+00:00,2025-02-26T19:50:00.000+00:00,
3220354,2025-02-28T05:12:25.000+00:00,8/90015179,FIHKO,DELBC,DELBC,False,False,True,1,Genca,9307372.0,NL,40,244519000,"Oy Transfennica  Ab, Oy Transfennica Ab",Roro 2,LÄNSISATAMA,2025-02-28T05:00:00.000+00:00,2025-02-28T21:00:00.000+00:00,2025-02-28T04:45:00.000+00:00,
3220367,2025-02-28T07:00:25.000+00:00,19/1904779,FIRAU,LVMRX,FIGDB,False,False,True,1,Silva,9237010.0,PT,70,236643000,"Euroports Rauma Oy, Navalis Shipping gmbh & co. kg",Metsä-Botnia,Metsä-Botnia,2025-02-25T10:00:00.000+00:00,2025-02-26T02:00:00.000+00:00,2025-02-25T08:40:00.000+00:00,2025-02-26T06:00:00.000+00:00
3220368,2025-02-27T16:45:06.000+00:00,20/1606896,FIKOK,BEANR,SEHUS,False,False,True,1,Ziltborg,9224142.0,NL,70,244030629,"Wagenborg Shipping B/V, Oy Galea Shipping Ab",Hopeakiven laituri 3,HOPEAKIVEN SATAMA,2025-02-25T05:00:00.000+00:00,2025-02-27T15:00:00.000+00:00,2025-02-25T05:30:00.000+00:00,2025-02-27T15:00:00.000+00:00
3220371,2025-02-28T05:25:15.000+00:00,0/727567,FIOUL,SEGOT,SEGOT,False,False,True,1,Tern Sea,9747974.0,DK,82,219814000,"North European Oil Trade Oy, GAC Finland Oy",301,VIHREÄSAARI,2025-02-28T00:00:00.000+00:00,2025-02-28T14:00:00.000+00:00,2025-02-28T00:00:00.000+00:00,
3220413,2025-02-28T09:39:57.000+00:00,0/727576,FIANK,SESOR,FIUKI,False,False,True,4,Steenbank,9313876.0,NL,60,246125000,"Wagenborg Shipping B/V, Yara  Suomi Oy / Rikkihapon Laivaus",Ei tiedossa,Ei tiedossa,2025-02-24T07:30:00.000+00:00,2025-02-28T19:00:00.000+00:00,2025-02-24T08:00:00.000+00:00,
3220420,2025-02-27T17:15:01.000+00:00,0/727577,FINLI,LVRIX,FINLI,False,False,True,1,Helgoland,9973250.0,PT,60,0,"C & C Port Agency Finland Oy Ltd, Helsinki, Navalis Shipping gmbh & co. kg",16,Kantasatama,2025-03-08T22:00:00.000+00:00,2025-03-09T22:00:00.000+00:00,,
3220421,2025-02-27T20:07:58.000+00:00,0/727578,FIKTK,FIHEL,BEANR,False,False,True,2,Finneco I,9856830.0,FI,40,230694000,"C & C Port Agency Finland Oy Ltd, Helsinki, Finnlines Oyj.",HIEH3,HIETANEN,2025-02-25T06:00:00.000+00:00,2025-02-27T20:00:00.000+00:00,2025-02-25T06:05:00.000+00:00,2025-02-27T19:55:00.000+00:00
3220429,2025-02-28T11:30:33.000+00:00,0/727581,FIKAS,EEKND,FIKAS,False,False,True,1,Nordland,9281786.0,LV,70,275519000,"AtoB@C Shipping Ab, GAC Finland Oy",,Syväsatama,2025-03-05T10:00:00.000+00:00,2025-03-06T10:00:00.000+00:00,,
3220655,2025-02-27T14:30:06.000+00:00,20/1606897,FIKTK,EETLL,NLRTM,False,False,True,2,Essence,9491496.0,NL,50,636014588,"Oy Galea Shipping Ab, X-Press Container Lines (UK) Ltd",MUSC?,MUSSALO (KONTTI),2025-02-26T10:00:00.000+00:00,2025-02-27T13:00:00.000+00:00,2025-02-26T10:00:00.000+00:00,2025-02-27T13:00:00.000+00:00
3220659,2025-02-28T08:27:26.000+00:00,0/727590,FIPOH,SEVST,SEKLR,False,False,True,1,Karin Lehmann,9225574.0,AG,70,304146000,"Reederei Lehmann GmbH & Co. Kg, Inkoo Shipping Oy Ab",Ei tiedossa,Ei tiedossa,2025-03-01T22:10:00.000+00:00,2025-03-03T20:00:00.000+00:00,,
3220882,2025-02-28T06:59:48.000+00:00,19/1904781,FIRAU,SESFT,LVLPX,False,False,True,1,Lolland,9973262.0,PT,70,0,"Navalis Shipping gmbh & co. kg, Euroports Rauma Oy",Metsä-Botnia,Metsä-Botnia,2025-02-24T10:00:00.000+00:00,2025-02-25T10:00:00.000+00:00,2025-02-24T10:15:00.000+00:00,2025-02-25T06:15:00.000+00:00
3220924,2025-02-27T17:51:07.000+00:00,8/90015180,FIHKO,FIRAU,BEANR,True,False,True,2,Pulpca,9345386.0,NL,40,245097000,"Oy Transfennica Ab, Oy Transfennica  Ab",Roro 1,LÄNSISATAMA,2025-02-26T16:30:00.000+00:00,2025-02-27T14:30:00.000+00:00,2025-02-26T16:37:00.000+00:00,2025-02-27T14:34:00.000+00:00
3220927,2025-02-28T05:26:39.000+00:00,8/90015182,FIHKO,DELBC,DERSK,False,False,True,1,Corona Sea,9357597.0,PT,40,235059487,"Oy Transfennica  Ab, Oy Transfennica Ab",Roro 2,LÄNSISATAMA,2025-03-01T05:00:00.000+00:00,2025-03-01T18:00:00.000+00:00,,
3220928,2025-02-28T08:35:23.000+00:00,8/90015181,FIHKO,EEPLS,DELBC,False,False,True,2,Bore Sea,9443554.0,NL,40,244130689,"Oy Transfennica Ab, Oy Transfennica  Ab",Roro 2,LÄNSISATAMA,2025-02-27T18:30:00.000+00:00,2025-02-28T00:00:00.000+00:00,2025-02-27T18:30:00.000+00:00,2025-02-27T23:14:00.000+00:00
3220937,2025-02-27T20:00:18.000+00:00,20/1606895,FIKJO,FIOUL,SENRK,False,False,True,4,Nyland,9436240.0,CY,70,210438000,"Oy Galea Shipping Ab, Navalis Shipping gmbh & co. kg",länsi 2,laituri 2,2025-02-24T18:30:00.000+00:00,2025-02-27T15:30:00.000+00:00,2025-02-24T18:30:00.000+00:00,2025-02-27T15:45:00.000+00:00
3220940,2025-02-28T05:24:04.000+00:00,0/727603,FIKTK,PLPLC,PLSZZ,False,False,True,1,Karion,9155884.0,AG,70,305475000,"Meriaura Oy, C & C Port Agency Finland Oy Ltd, Helsinki",PUOT2,HIETANEN ETELÄ,2025-02-27T19:00:00.000+00:00,2025-03-03T20:00:00.000+00:00,2025-02-27T16:00:00.000+00:00,
3220991,2025-02-28T11:18:57.000+00:00,0/727610,FITEI,FITKU,FITKU,True,True,True,4,Seagas,7382691.0,SE,82,0,"GAC Finland Oy, Sirius Chartering Ab",Ei tiedossa,Ei tiedossa,2025-02-22T13:00:00.000+00:00,2025-02-28T09:00:00.000+00:00,2025-02-22T13:20:00.000+00:00,2025-02-28T10:40:00.000+00:00
3221006,2025-02-28T12:00:32.000+00:00,20/1606899,FIVAA,SEHAN,FRSNR,False,False,True,4,Talina B,9466221.0,CY,70,210534000,"Echoship Aps, Oy Galea Shipping Ab",Lassenlaituri,Lassenlaituri,2025-02-26T00:00:00.000+00:00,2025-02-28T18:00:00.000+00:00,2025-02-26T00:00:00.000+00:00,
3221010,2025-02-28T11:48:40.000+00:00,0/727614,FIKTK,DERSK,FIKTK,False,False,True,4,Finn III,9534456.0,AG,70,0,"Dalaro Shipping Ab, C & C Port Agency Finland Oy Ltd, Helsinki",MUSD2,MUSSALO (KONTTI),2025-03-02T06:00:00.000+00:00,2025-03-02T20:00:00.000+00:00,,
3221011,2025-02-28T11:49:02.000+00:00,0/727615,FIKTK,FIKTK,TNSFA,False,False,True,3,Finn III,9534456.0,AG,70,0,"Dalaro Shipping Ab, C & C Port Agency Finland Oy Ltd, Helsinki",EU1,Konttisatama,2025-03-02T21:57:00.000+00:00,2025-03-04T14:00:00.000+00:00,,
3221012,2025-02-28T12:15:06.000+00:00,20/1606903,FIVAA,SENOT,DEBRE,False,False,True,4,Loraland,9179311.0,LV,70,0,"Oy Galea Shipping Ab, Meriaura Oy",Lassenlaituri,Lassenlaituri,2025-02-27T09:00:00.000+00:00,2025-03-02T19:00:00.000+00:00,2025-02-27T09:00:00.000+00:00,
3221015,2025-02-27T19:15:08.000+00:00,20/1606902,FIVAA,FIKAS,NLRTM,False,False,True,4,Dreamland,9155872.0,LV,70,0,"Oy Galea Shipping Ab, Meriaura Oy",Lassenlaituri,Lassenlaituri,2025-02-26T15:00:00.000+00:00,2025-02-27T17:30:00.000+00:00,2025-02-26T17:45:00.000+00:00,2025-02-27T17:30:00.000+00:00
3221019,2025-02-28T10:14:30.000+00:00,0/727616,FIKTK,SEGOT,SEGVX,False,False,True,3,Marburg,9387592.0,AG,50,305978000,"Unifeeder A/S, Unifeeder A/S",MUSC1,MUSSALO (KONTTI),2025-03-03T03:30:00.000+00:00,2025-03-04T15:00:00.000+00:00,,
3221026,2025-02-28T13:45:16.000+00:00,20/1606905,FIKOK,FIVAA,DEBKE,False,False,True,4,Faromar,9552070.0,LU,70,253377000,"AtoB@C Shipping Ab, Oy Galea Shipping Ab",Kantasataman laituri 2,KANTASATAMA,2025-02-25T08:00:00.000+00:00,2025-02-28T13:00:00.000+00:00,2025-02-25T08:15:00.000+00:00,2025-02-28T13:00:00.000+00:00
3221027,2025-02-28T06:15:26.000+00:00,20/1606904,FIKOK,SEGVX,FIKTK,False,False,True,1,Helena VG,9505326.0,CY,70,210173000,"Oy Galea Shipping Ab, Meriaura Oy",Syvälaituri 9,SYVÄSATAMA,2025-02-23T13:00:00.000+00:00,2025-02-24T14:30:00.000+00:00,2025-02-23T12:50:00.000+00:00,2025-02-24T14:30:00.000+00:00
3221174,2025-02-28T13:06:12.000+00:00,0/727629,FIPOR,DERSK,DERSK,False,False,True,1,Atlantis,9268174.0,EE,80,276869000,"AB SHIPPING OU, C & C Port Agency Finland Oy Ltd, Helsinki",Kemikaalilaituri no:29,TAHKOLUOTO,2025-02-27T23:15:00.000+00:00,2025-02-28T12:30:00.000+00:00,2025-02-27T23:25:00.000+00:00,2025-02-28T12:30:00.000+00:00
3221535,2025-02-28T06:23:31.000+00:00,0/727679,FIKTK,BEGNE,FIKTK,False,False,True,1,Prima Viking,9195810.0,FI,70,230011000,"Prima Shipping Oy, Prima Logistics Oy Ab Ltd",L2,Lakulahti,2025-02-26T11:00:00.000+00:00,2025-02-27T22:30:00.000+00:00,2025-02-26T11:35:00.000+00:00,2025-02-27T22:02:00.000+00:00
3221576,2025-02-27T18:20:15.000+00:00,0/727682,FISKV,SEPIT,SESDL,False,False,True,4,Sten Suomi,9378723.0,PT,80,259768000,"Neste Shipping Oy, C & C Port Agency Finland Oy Ltd, Helsinki",Öljylaituri,Öljylaituri,2025-02-26T22:01:00.000+00:00,2025-02-27T13:00:00.000+00:00,2025-02-26T22:05:00.000+00:00,2025-02-27T13:10:00.000+00:00
3221582,2025-02-28T11:48:09.000+00:00,0/727683,FISKV,FIOUL,SEPIT,False,False,True,4,Ek-Stream,9808261.0,NO,80,257037270,"Neste Shipping Oy, C & C Port Agency Finland Oy Ltd, Helsinki",Öljylaituri,Öljylaituri,2025-03-01T07:00:00.000+00:00,2025-03-02T00:00:00.000+00:00,,
3221586,2025-02-28T06:46:28.000+00:00,0/727684,FIPRS,ESCEU,EGALY,False,False,True,4,Peace,9553983.0,BG,60,636015242,"Dalaro Shipping Ab, Euroports Pietarsaari Oy Ab",Laukko I,ALHOLMEN,2025-02-24T21:30:00.000+00:00,2025-02-28T20:00:00.000+00:00,2025-02-24T22:30:00.000+00:00,
3221597,2025-02-28T08:11:43.000+00:00,8/90015183,FIHKO,FIKTK,BEANR,True,False,True,2,Timca,9307358.0,NL,40,246521000,"Oy Transfennica  Ab, Oy Transfennica Ab",Roro 1,LÄNSISATAMA,2025-03-01T05:00:00.000+00:00,2025-03-01T13:30:00.000+00:00,,
3221692,2025-02-28T07:10:44.000+00:00,0/727689,FIUKI,SESOR,SENRK,False,False,True,4,Steenbank,9313876.0,NL,60,246125000,"Yara  Suomi Oy / Rikkihapon Laivaus, Wagenborg Shipping B/V",Ei tiedossa,Yara,2025-02-28T21:00:00.000+00:00,2025-03-02T02:00:00.000+00:00,,
3221693,2025-02-28T13:49:57.000+00:00,0/727690,FIUKI,FRLEH,NLSLU,False,False,True,1,Yara Nauma,9734848.0,NO,82,0,"Yara  Suomi Oy / Rikkihapon Laivaus, Yara Clean Ammonia Switzerland Ltd",Ei tiedossa,Yara,2025-02-28T13:30:00.000+00:00,2025-03-01T16:00:00.000+00:00,2025-02-28T13:20:00.000+00:00,
3221697,2025-02-27T17:32:52.000+00:00,0/727692,FIUKI,FIRAU,DKKOL,True,False,True,4,Baltic Sailor,9138214.0,LV,70,236196000,"Yara  Suomi Oy / Rikkihapon Laivaus, Meriaura Oy",Ei tiedossa,Yara,2025-02-25T15:00:00.000+00:00,2025-02-27T17:00:00.000+00:00,2025-02-25T15:20:00.000+00:00,2025-02-27T17:30:00.000+00:00
3221704,2025-02-27T15:44:34.000+00:00,0/727693,FIFAR,FIRAU,SEKAS,True,False,True,4,Silva,9237010.0,PT,70,236643000,"PP Maritime Oy, Navalis Shipping gmbh & co. kg",Ei tiedossa,Ei tiedossa,2025-02-27T01:00:00.000+00:00,2025-02-27T17:00:00.000+00:00,2025-02-27T00:40:00.000+00:00,2025-02-27T15:00:00.000+00:00
3221707,2025-02-28T05:37:02.000+00:00,8/90015189,FIHKO,EEPLS,DELBC,False,False,True,1,Hafnia Sea,9357602.0,PT,40,235060989,Oy Transfennica  Ab,,,2025-03-02T21:00:00.000+00:00,2025-03-03T21:00:00.000+00:00,,
3221709,2025-02-27T17:37:23.000+00:00,0/727694,FIKRS,SESTU,DKHIR,False,False,True,4,Aland,9147459.0,DE,70,218802000,"Wilhelm E.F.Schmid, Oy Galea Shipping Ab",Syvälaituri,Syväsatama,2025-02-27T09:00:00.000+00:00,2025-02-27T21:00:00.000+00:00,2025-02-27T08:05:00.000+00:00,2025-02-27T17:30:00.000+00:00
3221710,2025-02-28T11:18:19.000+00:00,0/727695,FITKU,DEPAP,FINLI,False,True,True,1,Aura,9395276.0,FI,70,230601000,"Meriaura Oy, Meriaura Oy",masa3,Pernon telakka (Meyer Turku)),2025-02-27T10:00:00.000+00:00,2025-02-28T09:15:00.000+00:00,2025-02-27T10:00:00.000+00:00,2025-02-28T09:15:00.000+00:00
3221719,2025-02-28T04:57:34.000+00:00,7/70007603,FIOUL,SESKE,FIKEM,False,False,True,2,Baltic Enabler,9884681.0,SE,40,265039000,"Herman Andersson Oy, Wallenius SOL Ab",102,ORITKARI,2025-02-27T04:00:00.000+00:00,2025-02-28T04:00:00.000+00:00,2025-02-27T06:15:00.000+00:00,2025-02-28T04:05:00.000+00:00
3221720,2025-02-28T07:32:50.000+00:00,0/727696,FIKTK,FIPAR,DERSK,False,False,True,4,Karessa,9341770.0,AG,70,305912000,"Hansa Shipping AS, PP Maritime Oy",MUSA3,MUSSALO (KUIVA),2025-02-27T09:00:00.000+00:00,2025-02-28T19:00:00.000+00:00,2025-02-27T21:50:00.000+00:00,
3221721,2025-02-28T08:41:52.000+00:00,0/727697,FIKTK,NLRTM,EGALY,False,False,True,4,Stamford Pioneer,9636943.0,HK,60,0,"PP Maritime Oy, Swedish Orient Line",PK1,Palokangas,2025-03-06T06:00:00.000+00:00,2025-03-16T20:00:00.000+00:00,,
3221744,2025-02-28T09:29:28.000+00:00,0/727703,FIKEM,FIOUL,FIPRS,False,False,True,2,Baltic Enabler,9884681.0,SE,40,265039000,"Metsäliitto Osuuskunta, Port Opertations, Wallenius SOL Ab",LAITURI 4 LP1,Ajos,2025-02-28T10:00:00.000+00:00,2025-02-28T19:00:00.000+00:00,2025-02-28T09:00:00.000+00:00,
3221745,2025-02-28T12:08:59.000+00:00,0/727704,FISKV,USHOU,FISKV,False,False,True,1,Alaska,9302607.0,MH,81,0,"Tsakos Shipping and Trading, GAC Finland Oy",Öljylaituri,Öljylaituri,2025-03-04T10:00:00.000+00:00,2025-03-05T10:00:00.000+00:00,,
3221765,2025-02-27T15:18:42.000+00:00,0/727709,FIVAA,SEHLD,SEHLD,False,False,True,1,Aurora Botnia,9878319.0,FI,20,230040000,"NLC Ferry Ab Oy, NLC Ferry Ab Oy",Ro-Ro 2,Ro-Ro 2,2025-02-27T14:30:00.000+00:00,2025-02-27T15:00:00.000+00:00,2025-02-27T14:30:00.000+00:00,2025-02-27T15:01:00.000+00:00
3221767,2025-02-28T14:02:18.000+00:00,0/727710,FIVAA,SEHLD,SEHLD,False,False,True,1,Aurora Botnia,9878319.0,FI,20,230040000,"NLC Ferry Ab Oy, NLC Ferry Ab Oy",Ro-Ro 2,Ro-Ro 2,2025-02-28T00:00:00.000+00:00,2025-02-28T14:00:00.000+00:00,2025-02-28T00:00:00.000+00:00,2025-02-28T13:52:00.000+00:00
3221768,2025-02-27T19:00:51.000+00:00,0/727711,FIKTK,NLHAR,FIKTK,False,False,True,1,Heyn,9423671.0,NL,60,244130642,"Wagenborg Shipping B/V, Oy Helsinki Chartering Ab",L5,Lakulahti,2025-02-26T18:30:00.000+00:00,2025-02-27T18:00:00.000+00:00,2025-02-26T18:30:00.000+00:00,2025-02-27T18:00:00.000+00:00
3221781,2025-02-28T07:34:39.000+00:00,0/727712,FIKTK,NLRTM,NLRTM,False,False,True,2,Ava D,9306225.0,PT,50,636091266,"C & C Port Agency Finland Oy Ltd, Helsinki, Cosco Shipping Lines (Europe) GmbH",MUSC?,MUSSALO (KONTTI),2025-03-04T04:00:00.000+00:00,2025-03-05T20:00:00.000+00:00,,
3221782,2025-02-28T12:31:00.000+00:00,0/727713,FIKTK,LVRIX,NLRTM,False,False,True,2,BG Blue,9964625.0,PT,50,255804760,"C & C Port Agency Finland Oy Ltd, Helsinki, Cosco Shipping Lines (Europe) GmbH",MUSC?,MUSSALO (KONTTI),2025-03-08T04:00:00.000+00:00,2025-03-08T20:00:00.000+00:00,,
3221783,2025-02-28T09:38:34.000+00:00,0/727714,FIKTK,LTKLJ,FIHEL,False,False,True,2,Frederik,9328637.0,AG,50,256022000,"Cosco Shipping Lines (Europe) GmbH, C & C Port Agency Finland Oy Ltd, Helsinki",MUSC?,MUSSALO (KONTTI),2025-03-04T12:00:00.000+00:00,2025-03-05T04:00:00.000+00:00,,
3221784,2025-02-28T09:38:53.000+00:00,0/727715,FIHEL,FIKTK,PLGDN,False,False,True,2,Frederik,9328637.0,AG,50,256022000,"Cosco Shipping Lines (Europe) GmbH, C & C Port Agency Finland Oy Ltd, Helsinki",VDA,Vuosaaren satama,2025-03-05T12:00:00.000+00:00,2025-03-06T12:00:00.000+00:00,,
3221787,2025-02-28T09:03:49.000+00:00,0/727716,FIKTK,PLGDN,FIHEL,False,False,True,2,Nordic Istria,9474383.0,PT,50,255806452,"C & C Port Agency Finland Oy Ltd, Helsinki, Orient Overseas Container Line Ltd.",MUSC?,MUSSALO (KONTTI),2025-03-05T12:00:00.000+00:00,2025-03-06T20:00:00.000+00:00,,
3221788,2025-02-28T09:04:04.000+00:00,0/727717,FIHEL,FIKTK,PLGDN,False,False,True,2,Nordic Istria,9474383.0,PT,50,255806452,"Orient Overseas Container Line Ltd., C & C Port Agency Finland Oy Ltd, Helsinki",VD4,Vuosaaren satama,2025-03-07T04:00:00.000+00:00,2025-03-07T21:00:00.000+00:00,,
3221789,2025-02-28T13:29:36.000+00:00,0/727718,FINLI,EEMII,FIPOR,False,True,True,4,Leonardo,8521464.0,FI,91,0,"Rauma Cata Oy, Rauma Cata Oy",Ei tiedossa,Ei tiedossa,2025-02-28T09:30:00.000+00:00,2025-02-28T14:00:00.000+00:00,2025-02-28T08:35:00.000+00:00,2025-02-28T13:10:00.000+00:00
3221790,2025-02-28T13:30:51.000+00:00,0/727719,FINLI,EEMII,FIPOR,False,True,True,4,Optimus,,FI,99,0,"Wasa Dredging Ltd, Rauma Cata Oy",Ei tiedossa,Ei tiedossa,2025-02-28T09:30:00.000+00:00,2025-04-30T20:00:00.000+00:00,2025-02-28T08:35:00.000+00:00,2025-02-28T13:10:00.000+00:00
3221794,2025-02-28T10:14:12.000+00:00,0/727720,FIKAS,DELBC,SEHUS,False,False,True,3,Tavastland,9334959.0,SE,40,266232000,"Wallenius SOL Ab, Oy Silva Shipping Ab",Syvä06,Syväsatama,2025-03-01T05:00:00.000+00:00,2025-03-01T10:00:00.000+00:00,,
3221798,2025-02-28T09:45:06.000+00:00,7/70007604,FIOUL,FIKOK,BEANR,False,False,True,2,Peyton Lynn C,9295531.0,AG,50,304474000,"Herman Andersson Oy, Wallenius SOL Ab",103,ORITKARI,2025-03-01T02:00:00.000+00:00,2025-03-01T20:00:00.000+00:00,,
3221799,2025-02-28T06:30:10.000+00:00,20/1606909,FIKOK,FIUKI,FIUKI,False,False,True,4,Eeva VG,9769104.0,FI,70,230663000,"Meriaura Oy, Oy Galea Shipping Ab",Hopeakiven laituri 2,HOPEAKIVEN SATAMA,2025-02-26T08:00:00.000+00:00,2025-02-28T03:30:00.000+00:00,2025-02-26T08:30:00.000+00:00,2025-02-28T03:30:00.000+00:00
3221837,2025-02-28T12:05:09.000+00:00,0/727724,FIOUL,SESTO,FIOUL,False,False,True,1,Harbour Fountain,9473107.0,PT,83,255804470,"Nordic Tankers A/S, C & C Port Agency Finland Oy Ltd, Helsinki",203,NUOTTASAARI,2025-03-12T01:11:00.000+00:00,2025-03-14T07:17:00.000+00:00,,
3221852,2025-02-27T22:59:33.000+00:00,0/727726,FIKTK,LVRIX,EEKND,False,False,True,1,Tornedalen,9190808.0,PT,70,235000940,"PP Maritime Oy, Navalis Shipping gmbh & co. kg",JÄNSKÄ,JÄNSKÄ,2025-02-26T18:00:00.000+00:00,2025-02-28T01:00:00.000+00:00,2025-02-26T19:00:00.000+00:00,
3221858,2025-02-28T05:52:11.000+00:00,0/727727,FIPOR,SEBAA,NLSCI,False,False,True,4,Heike Lehmann,9805439.0,AG,70,305050000,"Oy Tramp Agencies Ltd, Reederei Lehmann GmbH & Co. Kg",PISTOLAITURI,TAHKOLUOTO,2025-02-27T20:00:00.000+00:00,2025-02-28T17:00:00.000+00:00,2025-02-27T22:30:00.000+00:00,
3221875,2025-02-28T08:30:44.000+00:00,0/727728,FINLI,BEZEE,FINLI,False,False,True,1,Oraholm,9336696.0,DK,80,220442000,"Simonsen Chartering ApS, GAC Finland Oy",24,Kantasatama,2025-03-03T00:00:00.000+00:00,2025-03-04T01:00:00.000+00:00,,
3221899,2025-02-28T11:49:33.000+00:00,20/1606910,FIKOK,NLRTM,FIKOK,False,False,True,1,Liselotte Essberger,9939785.0,PT,83,255890000,"John T. Essberger GmbH & co KG, Oy Galea Shipping Ab",Syvälaituri 7,SYVÄSATAMA,2025-02-28T20:00:00.000+00:00,2025-03-01T16:00:00.000+00:00,,
3221927,2025-02-28T10:30:14.000+00:00,20/1606890,FIKOK,FIUKI,SENRK,False,False,True,4,Nathalie,9259068.0,FI,70,210118000,"Meriaura Oy, Oy Galea Shipping Ab",Kantasataman laituri 1,KANTASATAMA,2025-02-26T22:00:00.000+00:00,2025-03-01T19:00:00.000+00:00,2025-02-27T00:20:00.000+00:00,
3221935,2025-02-28T12:45:14.000+00:00,20/1606911,FIKOK,IEDUB,FIKOK,False,False,True,4,Merweborg,9142552.0,NL,70,244860325,"Oy Galea Shipping Ab, Wagenborg Shipping B/V",Syvälaituri 9,SYVÄSATAMA,2025-03-01T21:00:00.000+00:00,2025-03-04T14:00:00.000+00:00,,
3221940,2025-02-28T13:12:57.000+00:00,0/727731,FIRAA,FIRAU,SELLA,False,False,True,4,Stoc Marcia,9390305.0,CY,80,212123000,"Stoc Tankers AB c/o Swede Chem Tankers Ab, SSAB Europe Oy",Rautaruukki laituri 6,Rautaruukki,2025-02-26T21:00:00.000+00:00,2025-02-28T13:00:00.000+00:00,2025-02-26T20:45:00.000+00:00,2025-02-28T13:10:00.000+00:00
3221954,2025-02-28T05:29:27.000+00:00,0/727734,FIKTK,EEKND,LVSKU,False,False,True,1,Estland,9247314.0,PT,70,255802660,"Navalis Shipping gmbh & co. kg, PP Maritime Oy",EU4,Konttisatama,2025-02-27T21:00:00.000+00:00,2025-03-01T02:00:00.000+00:00,2025-02-27T19:05:00.000+00:00,
3221955,2025-02-27T20:58:14.000+00:00,0/727735,FIKTK,EEPLS,EEPLS,False,False,True,1,Västerbotten,9436226.0,CY,60,212838000,"Navalis Shipping gmbh & co. kg, PP Maritime Oy",EU3,Konttisatama,2025-02-26T21:59:00.000+00:00,2025-02-28T04:00:00.000+00:00,2025-02-26T18:24:00.000+00:00,2025-02-27T18:45:00.000+00:00
3221956,2025-02-28T11:40:35.000+00:00,0/727736,FIHEL,PLGDY,EEMUG,False,False,True,2,Empire,9387425.0,NL,50,245258000,"Hapag-Lloyd AG, C & C Port Agency Finland Oy Ltd, Helsinki",VEA,Vuosaaren satama,2025-03-02T07:30:00.000+00:00,2025-03-03T20:00:00.000+00:00,,
3221960,2025-02-28T06:25:01.000+00:00,0/727738,FIKTK,NLRTM,FIKTK,False,False,True,1,Fjordstraum,9114763.0,NO,80,636090213,"GAC Finland Oy, Utkilen AS",Ö3,Öljysatama,2025-02-27T23:00:00.000+00:00,2025-02-28T19:00:00.000+00:00,2025-02-27T23:15:00.000+00:00,
3221961,2025-02-28T07:34:07.000+00:00,0/727739,FIHEL,LVLPX,LVLPX,False,False,True,1,Cemsea III,9195925.0,CY,70,212209000,"C & C Port Agency Finland Oy Ltd, Helsinki, Baltrader Shipping Company",Etelälaituri,Loviisa,2025-02-28T06:00:00.000+00:00,2025-03-01T16:00:00.000+00:00,2025-02-28T06:50:00.000+00:00,
3221963,2025-02-28T06:19:28.000+00:00,0/727740,FIKTK,LVRIX,EEKND,False,False,True,1,Livland,9237034.0,PT,70,236223000,"PP Maritime Oy, Navalis Shipping gmbh & co. kg",JÄNSKÄ,JÄNSKÄ,2025-02-27T21:00:00.000+00:00,2025-03-01T12:00:00.000+00:00,2025-02-28T01:25:00.000+00:00,
3221966,2025-02-28T13:22:20.000+00:00,0/727742,FIUKI,SEHOG,SELAA,False,False,True,4,Calamar,9528512.0,CY,70,209732000,"AtoB@C Shipping Ab, Yara  Suomi Oy / Rikkihapon Laivaus",Ei tiedossa,Yara,2025-02-28T01:00:00.000+00:00,2025-02-28T19:00:00.000+00:00,2025-02-28T00:30:00.000+00:00,
3221971,2025-02-28T10:31:18.000+00:00,0/727743,FIKAS,EEPRN,FIKAS,False,False,True,1,Optimar,9199402.0,CY,70,209730000,"Oy Silva Shipping Ab, AtoB@C Shipping Ab",Syvä07,Syväsatama,2025-03-02T18:00:00.000+00:00,2025-03-03T20:00:00.000+00:00,,
3222016,2025-02-28T05:54:53.000+00:00,0/727744,FIKTK,RULED,USMSY,False,False,True,4,Aurora Prima,9485887.0,MH,60,0,"Oy Fertall Maritime Ltd, LTE Shipping",MUSA3-4,MUSSALO (KUIVA),2025-02-27T16:00:00.000+00:00,2025-03-02T21:00:00.000+00:00,2025-02-27T14:20:00.000+00:00,
3222057,2025-02-28T05:31:23.000+00:00,0/727745,FIHEL,SESOE,DEPAP,False,False,True,4,Eknoe,9353395.0,AG,70,304936000,"Schulte & Bruns Chartering, Oy Aug. Ljungqvist Ab, Loviisa",Pitkälaituri,Loviisa,2025-02-26T21:59:00.000+00:00,2025-02-27T19:30:00.000+00:00,2025-02-26T22:50:00.000+00:00,2025-02-27T19:30:00.000+00:00
3222058,2025-02-28T09:24:00.000+00:00,0/727746,FISKV,FINLI,FITKU,True,True,True,4,Tellus,9321615.0,SE,80,266471000,"C & C Port Agency Finland Oy Ltd, Helsinki, Neste Shipping Oy",Öljylaituri,Öljylaituri,2025-02-27T05:00:00.000+00:00,2025-02-27T20:00:00.000+00:00,2025-02-27T05:20:00.000+00:00,2025-02-27T20:35:00.000+00:00
3222060,2025-02-28T09:32:09.000+00:00,0/727747,FITKU,FISKV,SEVST,True,False,True,2,Tellus,9321615.0,SE,80,266471000,"Neste Shipping Oy, C & C Port Agency Finland Oy Ltd, Helsinki",Öljylaituri,Pansion öljy-& junalauttasatama,2025-02-28T16:00:00.000+00:00,2025-03-01T12:00:00.000+00:00,,
3222066,2025-02-28T10:14:55.000+00:00,0/727751,FIINK,EETLL,SEGOT,False,False,True,1,Ternsund,9722390.0,DK,81,219775000,"North European Oil Trade Oy, GAC Finland Oy",Ei tiedossa,Öljysatama,2025-03-02T14:00:00.000+00:00,2025-03-03T14:00:00.000+00:00,,
3222069,2025-02-28T09:14:13.000+00:00,0/727752,FISKV,FIKEM,FIKOK,True,True,True,4,Saana,9739836.0,FI,81,0,"Neste Shipping Oy, C & C Port Agency Finland Oy Ltd, Helsinki",Öljylaituri,Öljylaituri,2025-03-02T21:00:00.000+00:00,2025-03-03T18:00:00.000+00:00,,
3222072,2025-02-28T09:15:01.000+00:00,0/727753,FIKOK,FISKV,FISKV,True,True,True,1,Saana,9739836.0,FI,81,0,"C & C Port Agency Finland Oy Ltd, Helsinki, Neste Shipping Oy",Syvälaituri 7,SYVÄSATAMA,2025-03-05T17:00:00.000+00:00,2025-03-06T17:00:00.000+00:00,,
3222075,2025-02-28T10:21:35.000+00:00,0/727755,FIPOR,SEGOT,SEGOT,False,False,True,1,Ternholm,9300829.0,DK,80,219076000,"GAC Finland Oy, North European Oil Trade Oy",Kemikaalilaituri no:29,TAHKOLUOTO,2025-02-28T23:00:00.000+00:00,2025-03-01T15:00:00.000+00:00,,
3222079,2025-02-27T19:01:08.000+00:00,0/727759,FIKEM,SESDL,ITGOA,False,False,True,3,Flevogracht,9509956.0,NL,70,246620000,"Spliethoff¿s Bevrachtingskantoor B.V., Metsäliitto Osuuskunta, Port Opertations",LAITURI 7 LP2,Ajos,2025-03-01T11:00:00.000+00:00,2025-03-03T21:00:00.000+00:00,,
3222081,2025-02-28T06:15:23.000+00:00,20/1606912,FIKOK,SEROR,FIPRS,False,False,True,4,Nordic Crystal,9931496.0,FO,60,231068000,"Oy Galea Shipping Ab, Erik Thun Ab",Syvälaituri 9,SYVÄSATAMA,2025-02-27T04:00:00.000+00:00,2025-02-27T20:45:00.000+00:00,2025-02-27T05:20:00.000+00:00,2025-02-27T20:45:00.000+00:00
3222082,2025-02-28T09:18:16.000+00:00,0/727760,FIPRS,FIKOK,TRAUT,False,False,True,4,Mississippiborg,9207508.0,NL,70,244976000,"Wagenborg Shipping B/V, Euroports Pietarsaari Oy Ab",Laukko II,ALHOLMEN,2025-02-27T11:00:00.000+00:00,2025-03-02T21:59:00.000+00:00,2025-02-27T07:47:00.000+00:00,
3222092,2025-02-28T12:27:12.000+00:00,19/1904785,FIRAU,EEKND,FIVAA,False,False,True,1,Finnland,9301598.0,PT,70,235010600,"Euroports Rauma Oy, Navalis Shipping gmbh & co. kg",Metsä-Botnia,Metsä-Botnia,2025-02-27T19:00:00.000+00:00,2025-03-01T09:00:00.000+00:00,2025-02-27T18:48:00.000+00:00,
3222093,2025-02-28T13:00:12.000+00:00,20/1606913,FIKOK,FITOR,SENRK,False,False,True,4,Skagenbank,9313864.0,NL,70,245306000,"Oy Galea Shipping Ab, Wagenborg Shipping B/V",Kantasataman laituri 1,KANTASATAMA,2025-02-28T20:17:00.000+00:00,2025-03-04T14:00:00.000+00:00,,
3222102,2025-02-28T13:55:21.000+00:00,0/727761,FIKTK,FISKV,BEANR,False,False,True,4,Baltic,9451226.0,DK,83,0,"GAC Finland Oy, Alba Tankers",MUSN1,MUSSALO (NESTE),2025-02-28T14:00:00.000+00:00,2025-03-01T12:00:00.000+00:00,2025-02-28T13:30:00.000+00:00,
3222128,2025-02-27T15:18:31.000+00:00,0/727764,FIKTK,LVSKU,FIKTK,False,False,True,1,Electramar,9951824.0,CY,70,210545000,"AtoB@C Shipping Ab, C & C Port Agency Finland Oy Ltd, Helsinki",HALU1,HALLA,2025-02-28T19:00:00.000+00:00,2025-03-01T21:59:00.000+00:00,,
3222206,2025-02-28T05:36:53.000+00:00,0/727768,FIRAA,SEOXE,SELLA,False,False,True,1,Viikki,9797620.0,FI,70,230670000,"SSAB Europe Oy, ESL Shipping Oy",Syvälaituri 2,Rautaruukki,2025-02-27T17:00:00.000+00:00,2025-03-01T03:00:00.000+00:00,2025-02-27T17:15:00.000+00:00,
3222210,2025-02-28T06:30:14.000+00:00,20/1606914,FIVAA,SENRK,ITPOQ,False,False,True,4,Constance,9505338.0,GI,70,236622000,"Oy Galea Shipping Ab, Briese Chartering Gmbh&Co. Kg",Lassenlaituri,Lassenlaituri,2025-02-27T12:00:00.000+00:00,2025-02-27T18:00:00.000+00:00,2025-02-27T11:55:00.000+00:00,2025-02-27T17:30:00.000+00:00
3222215,2025-02-28T09:38:52.000+00:00,0/727772,FIUKI,FIKOK,FIPOR,True,False,True,1,Eeva VG,9769104.0,FI,70,230663000,"Meriaura Oy, Yara  Suomi Oy / Rikkihapon Laivaus",Ei tiedossa,Yara,2025-03-01T03:00:00.000+00:00,2025-03-02T03:00:00.000+00:00,,
3222216,2025-02-28T11:56:40.000+00:00,0/727773,FIHEL,NLRTM,FIKTK,False,False,True,2,Eco Zephyr,9985978.0,FR,50,0,"X-Press Container Lines (UK) Ltd, Scandinavian Shipping & Logistics Oy",VDA,Vuosaaren satama,2025-02-28T13:00:00.000+00:00,2025-03-01T20:00:00.000+00:00,,
3222217,2025-02-28T12:11:20.000+00:00,0/727774,FIKTK,FIHEL,BEANR,False,False,True,2,Eco Zephyr,9985978.0,FR,50,0,"Scandinavian Shipping & Logistics Oy, X-Press Container Lines (UK) Ltd",MUSC3,MUSSALO (KONTTI),2025-03-01T21:00:00.000+00:00,2025-03-02T21:00:00.000+00:00,,
3222220,2025-02-28T08:00:50.000+00:00,0/727775,FIHEL,BEANR,EETLL,False,False,True,2,Eco Levant,9985954.0,FR,50,0,"Scandinavian Shipping & Logistics Oy, X-Press Container Lines (UK) Ltd",VD4,Vuosaaren satama,2025-03-01T04:00:00.000+00:00,2025-03-01T20:00:00.000+00:00,,
3222222,2025-02-28T09:04:45.000+00:00,0/727777,FIKTK,EETLL,NLRTM,False,False,True,2,Eco Levant,9985954.0,FR,50,0,"X-Press Container Lines (UK) Ltd, Scandinavian Shipping & Logistics Oy",MUSC3,MUSSALO (KONTTI),2025-03-03T08:00:00.000+00:00,2025-03-03T20:00:00.000+00:00,,
3222232,2025-02-28T12:52:06.000+00:00,0/727778,FIANK,FISKV,FIKTK,False,False,True,4,Baltic,9451226.0,DK,83,0,"GAC Finland Oy, Alba Tankers",Ei tiedossa,Ei tiedossa,2025-02-26T13:00:00.000+00:00,2025-02-28T10:30:00.000+00:00,2025-02-26T18:00:00.000+00:00,2025-02-28T10:30:00.000+00:00
3222233,2025-02-28T11:14:50.000+00:00,0/727779,FIRAU,EEPRN,FRHON,False,False,True,1,Aceromar,9552082.0,LU,70,253371000,"C & C Port Agency Finland Oy Ltd, Helsinki, AtoB@C Shipping Ab",Metsä-Botnia,Metsä-Botnia,2025-03-04T09:17:00.000+00:00,2025-03-06T19:00:00.000+00:00,,
3222234,2025-02-28T09:20:07.000+00:00,0/727780,FIPRS,FIKOK,DEPAP,False,False,True,4,Nordic Crystal,9931496.0,FO,60,231068000,"Erik Thun Ab, Euroports Pietarsaari Oy Ab",Laukko III,ALHOLMEN,2025-02-28T01:00:00.000+00:00,2025-02-28T21:59:00.000+00:00,2025-02-28T00:00:00.000+00:00,
3222236,2025-02-28T14:12:27.000+00:00,3/400219161,FIHKO,SESOE,SEOXE,False,False,True,4,Miramar,9552044.0,CY,70,212584000,"AtoB@C Shipping Ab, Euroports Hanko Oy",Roro 4,LÄNSISATAMA,2025-02-27T17:15:00.000+00:00,2025-02-28T20:00:00.000+00:00,2025-02-27T17:10:00.000+00:00,
3222237,2025-02-28T10:16:08.000+00:00,0/727781,FIHEL,NLRTM,FIKTK,False,False,True,2,Elbwind,9483334.0,CY,50,210017000,"Unifeeder A/S, Unifeeder A/S",VD4,Vuosaaren satama,2025-03-03T16:00:00.000+00:00,2025-03-04T20:00:00.000+00:00,,
3222241,2025-02-28T10:17:58.000+00:00,0/727782,FIKTK,FIHEL,DEHAM,False,False,True,2,Elbwind,9483334.0,CY,50,210017000,"Unifeeder A/S, Unifeeder A/S",MUSC1,MUSSALO (KONTTI),2025-03-05T03:30:00.000+00:00,2025-03-05T12:00:00.000+00:00,,
3222242,2025-02-28T07:13:50.000+00:00,0/727783,FISKV,SENRK,SEVST,False,False,True,1,Donia,9442914.0,SE,80,249283000,"C & C Port Agency Finland Oy Ltd, Helsinki, Neste Shipping Oy",Öljylaituri,Öljylaituri,2026-02-02T02:17:00.000+00:00,2026-02-03T09:17:00.000+00:00,,
3222244,2025-02-28T10:19:03.000+00:00,0/727785,FIRAU,SENRK,DEBRV,False,False,True,2,Munksund,9429223.0,LR,50,249500000,"Unifeeder A/S, Unifeeder A/S",Konttilaituri,"Petäjäs, Konttilaituri",2025-03-06T19:00:00.000+00:00,2025-03-07T10:00:00.000+00:00,,
3222259,2025-02-28T10:17:06.000+00:00,0/727787,FIHEL,DEHAM,DEBRV,False,False,True,1,Thetis D,9372274.0,CY,50,209543000,"Unifeeder A/S, Unifeeder A/S",VD4,Vuosaaren satama,2025-03-04T20:00:00.000+00:00,2025-03-06T20:00:00.000+00:00,,
3222261,2025-02-28T13:32:46.000+00:00,0/727789,FIRAU,FIPOR,FIRAU,True,True,True,4,Leonardo,8521464.0,FI,91,0,"Rauma Cata Oy, Rauma Cata Oy",Piki 1,Pikisaari,2025-03-02T03:00:00.000+00:00,2025-03-15T21:00:00.000+00:00,,
3222262,2025-02-28T11:41:00.000+00:00,0/727790,FIVEI,FIVEI,FIVEI,True,True,True,4,Sampo,5308938.0,FI,10,230990040,"Kemin Matkailu Oy, Kemin Matkailu",Ei tiedossa,Ei tiedossa,2025-02-27T15:30:00.000+00:00,2025-02-28T11:30:00.000+00:00,2025-02-27T15:30:00.000+00:00,2025-02-28T11:30:00.000+00:00
3222266,2025-02-28T09:15:06.000+00:00,20/1606915,FIVAA,SEOSK,FIVAA,False,False,True,4,BBC Washington,9283954.0,PT,70,304636000,Oy Galea Shipping Ab,Lassenlaituri,Lassenlaituri,2025-03-06T10:00:00.000+00:00,2025-03-07T10:00:00.000+00:00,,
3222267,2025-02-28T05:32:56.000+00:00,0/727791,FIKTK,FIKTK,DELBC,False,False,True,4,Prima Viking,9195810.0,FI,70,230011000,"Oy Fertall Maritime Ltd, Prima Shipping Oy",MUSB3,MUSSALO (KONTTI),2025-02-27T23:30:00.000+00:00,2025-03-01T20:00:00.000+00:00,2025-02-28T00:10:00.000+00:00,
3222273,2025-02-28T05:22:12.000+00:00,0/727792,FIHKO,EESLM,FINLI,False,False,True,3,Carelie,9341744.0,FI,70,0,"Meriaura Oy, Meriaura Oy",Outer Harbour 1,ULKOSATAMA,2025-02-27T13:00:00.000+00:00,2025-02-27T14:00:00.000+00:00,2025-02-27T13:30:00.000+00:00,2025-02-27T15:15:00.000+00:00
3222275,2025-02-28T12:45:09.000+00:00,5/50010088,FIPOR,NOFRK,SEHEL,False,False,True,4,Christina,9118496.0,NO,80,259372000,"Utkilen AS, Olmar Pori Oy",Kemikaalilaituri no:30,TAHKOLUOTO,2025-03-02T08:00:00.000+00:00,2025-03-03T06:00:00.000+00:00,,
3222276,2025-02-28T05:50:45.000+00:00,0/727793,FINLI,FIHKO,FINLI,False,True,True,1,Carelie,9341744.0,FI,70,0,"Meriaura Oy, Meriaura Oy",16,Kantasatama,2025-02-27T21:30:00.000+00:00,2025-02-28T21:00:00.000+00:00,2025-02-27T21:45:00.000+00:00,
3222317,2025-02-28T06:38:42.000+00:00,0/727794,FIINK,FITOR,FITOR,True,True,True,4,Coral Energice,9783124.0,NL,82,244090097,"Anthony Veder Chartering B.V., GAC Finland Oy",Ei tiedossa,Fortum,2025-03-03T03:00:00.000+00:00,2025-03-03T23:00:00.000+00:00,,
3222318,2025-02-28T08:20:18.000+00:00,0/727795,FIKTK,FIKTK,BEANR,False,False,True,4,Electramar,9951824.0,CY,70,210545000,"C & C Port Agency Finland Oy Ltd, Helsinki",L3,Lakulahti,2025-03-02T08:00:00.000+00:00,2025-03-03T21:00:00.000+00:00,,
3222339,2025-02-28T10:31:34.000+00:00,0/727797,FINLI,SENYN,FINLI,False,False,True,1,Bitland,9503914.0,NL,80,212052000,"Nynas AB, GAC Finland Oy",Neste 3,Neste Oyj:n jalostamo,2025-02-28T17:00:00.000+00:00,2025-03-01T06:00:00.000+00:00,,
3222341,2025-02-28T07:56:09.000+00:00,0/727799,FIVEI,FIVEI,FIVEI,True,True,True,4,Arktis,7817050.0,FI,90,230359000,"Kuljetus-Savolainen Oy, Kuljetus-Savolainen Oy",Ei tiedossa,Ei tiedossa,2025-02-27T14:15:00.000+00:00,2025-02-28T07:15:00.000+00:00,2025-02-27T14:10:00.000+00:00,2025-02-28T07:15:00.000+00:00
3222342,2025-02-28T12:37:46.000+00:00,0/727800,FISKV,LVVNT,NLAMS,False,False,True,4,Champion Timur,9288837.0,NO,81,0,"C & C Port Agency Finland Oy Ltd, Helsinki, Neste Shipping Oy",Öljylaituri,Öljylaituri,2025-02-27T23:17:00.000+00:00,2025-03-01T19:17:00.000+00:00,2025-02-27T21:35:00.000+00:00,
3222345,2025-02-28T09:57:42.000+00:00,0/727802,FITOR,FRBOL,FITOR,False,False,True,1,Nijlborg,9313802.0,NL,70,246371000,"Wagenborg Shipping B/V, Outokumpu Shipping Oy",Seitsemän,Seitsemän,2025-03-03T10:00:00.000+00:00,2025-03-04T21:59:00.000+00:00,,
3222346,2025-02-28T12:31:30.000+00:00,0/727803,FITOR,PLGDN,FITOR,False,False,True,1,Ameland,9508794.0,NL,70,246629000,Outokumpu Shipping Oy,,,2025-03-03T05:00:00.000+00:00,2025-03-07T14:00:00.000+00:00,,
3222348,2025-02-28T10:53:06.000+00:00,0/727804,FINLI,EETLL,FINLI,False,True,True,4,Boann,9808792.0,FI,99,0,"Wasa Dredging Oy Ltd, Wasa Dredging Ltd",Ei tiedossa,Ei tiedossa,2025-02-27T14:00:00.000+00:00,,2025-02-27T12:34:00.000+00:00,
3222349,2025-02-28T08:21:38.000+00:00,0/727805,FIPAR,EEMUG,EEMUG,False,False,True,4,Westborg,9196187.0,NL,70,246457000,"Inkoo Shipping Oy Ab, Wagenborg Shipping B/V",Maalaituri 1,Sementtisatama,2025-02-27T17:00:00.000+00:00,2025-03-01T08:00:00.000+00:00,2025-02-27T16:45:00.000+00:00,
3222350,2025-02-28T11:45:31.000+00:00,0/727806,FITOR,PLSZZ,FITOR,False,False,True,1,Zijlborg,9229075.0,NL,70,244830834,"Outokumpu Shipping Oy, Wagenborg Shipping B/V",,,2025-03-05T10:17:00.000+00:00,2025-03-08T21:59:00.000+00:00,,
3222351,2025-02-28T11:22:00.000+00:00,0/727807,FIHKO,PLGDN,GBTYN,False,False,True,1,City of Rotterdam,9473468.0,PA,44,372002000,"MOL Mitsui O.S.K Lines, Oy Victor Ek Ab, Hanko",Outer Harbour 1,ULKOSATAMA,2025-03-03T23:00:00.000+00:00,2025-03-04T21:00:00.000+00:00,,
3222357,2025-02-28T12:00:35.000+00:00,20/1606906,FIVAA,FIRAU,SEHUS,False,False,True,4,Finnland,9301598.0,PT,70,235010600,"Oy Galea Shipping Ab, Navalis Shipping gmbh & co. kg",Reininlaituri,Reininlaituri,2025-03-01T21:30:00.000+00:00,2025-03-03T14:00:00.000+00:00,,
3222371,2025-02-28T10:46:06.000+00:00,0/727814,FIKTK,LTKLJ,BEANR,False,False,True,2,MSC Vanquish II,9242625.0,LR,50,636018490,"MSC Finland Oy, C & C Port Agency Finland Oy Ltd, Helsinki",MUSC4,MUSSALO (KONTTI),2025-03-01T14:30:00.000+00:00,2025-03-04T21:30:00.000+00:00,,
3222372,2025-02-28T13:45:22.000+00:00,0/727815,FIKTK,PLGDY,BEANR,False,False,True,2,MSC Yosheen,9322011.0,CY,50,212357000,"MSC Finland Oy, C & C Port Agency Finland Oy Ltd, Helsinki",,MUSSALO (KONTTI),2025-03-07T04:00:00.000+00:00,2025-03-08T20:00:00.000+00:00,,
3222380,2025-02-28T13:49:55.000+00:00,0/727816,FIHEL,NOOSL,FIRAU,False,False,True,2,Valentina,9344722.0,PT,50,255806257,"MSC Finland Oy, C & C Port Agency Finland Oy Ltd, Helsinki",,Vuosaaren satama,2025-03-08T04:30:00.000+00:00,2025-03-08T21:30:00.000+00:00,,
3222411,2025-02-28T00:08:17.000+00:00,0/727820,FIHEL,FIPAR,FIPAR,True,True,True,1,Furuvik,9781516.0,SE,70,266435000,"Eureka Shipping Ltd, Finnsementti Oy",Etelälaituri,Kantvik,2025-02-27T07:30:00.000+00:00,2025-02-28T00:00:00.000+00:00,2025-02-27T07:20:00.000+00:00,2025-02-27T23:38:00.000+00:00
3222418,2025-02-28T05:53:48.000+00:00,0/727821,FIKAS,EETLL,BEBGS,False,False,True,4,Katre,9376452.0,AG,70,0,"Hansa Shipping AS, Oy Tramp Agencies Ltd",Bulk01,Ulkosatama,2025-03-01T05:00:00.000+00:00,2025-03-03T19:00:00.000+00:00,,
3222469,2025-02-28T11:37:51.000+00:00,0/727822,FINLI,FINLI,DEPAP,True,False,True,4,Carelie,9341744.0,FI,70,0,"Meriaura Oy, Meriaura Oy",L.maa 51,Luonnonmaa,2025-02-28T21:59:00.000+00:00,2025-03-01T17:00:00.000+00:00,,
3222479,2025-02-28T11:48:14.000+00:00,20/1606916,FIKOK,SENOT,DERSK,False,False,True,4,Geulborg,9518232.0,NL,70,218667000,"Oy Galea Shipping Ab, Wagenborg Shipping B/V",Syvälaituri 11,SYVÄSATAMA,2025-02-28T13:00:00.000+00:00,2025-03-05T21:59:00.000+00:00,,
3222483,2025-02-28T11:27:39.000+00:00,0/727824,FINLI,FITKU,FIRAU,True,True,True,4,Aura,9395276.0,FI,70,230601000,"Meriaura Oy, Meriaura Oy",Kuivatelakka 40,Telakka,2025-02-28T10:15:00.000+00:00,2025-03-25T06:00:00.000+00:00,2025-02-28T11:20:00.000+00:00,
3222485,2025-02-28T12:11:54.000+00:00,19/1904786,FIRAU,LVVNT,LVVNT,False,False,True,1,Halland,9436238.0,CY,70,212536000,"Euroports Rauma Oy, Navalis Shipping gmbh & co. kg",Metsä-Botnia,Metsä-Botnia,2025-02-27T15:45:00.000+00:00,2025-02-28T10:00:00.000+00:00,2025-02-27T15:48:00.000+00:00,2025-02-28T10:00:00.000+00:00
3222487,2025-02-28T10:40:00.000+00:00,0/727826,FIPAR,FIHEL,FIOUL,True,True,True,4,Furuvik,9781516.0,SE,70,266435000,"Eureka Shipping Ltd, Finnsementti Oy",Sementtilaituri,Sementtisatama,2025-02-28T10:30:00.000+00:00,2025-03-03T04:00:00.000+00:00,2025-02-28T10:35:00.000+00:00,
3222495,2025-02-28T11:45:07.000+00:00,7/70007605,FIOUL,EEKND,LVSKU,False,False,True,1,Tornedalen,9190808.0,PT,70,235000940,"Navalis Shipping gmbh & co. kg, Herman Andersson Oy",102,ORITKARI,2025-03-03T19:00:00.000+00:00,2025-03-05T20:00:00.000+00:00,,
3222498,2025-02-28T12:10:56.000+00:00,0/727830,FIKTK,SESOE,GBHUL,False,False,True,4,Wilson Hawk,9064906.0,BB,70,314222000,"C & C Port Agency Finland Oy Ltd, Helsinki, Wilson Eurocarriers AS",EU1,Konttisatama,2025-02-28T21:59:00.000+00:00,2025-03-03T20:00:00.000+00:00,,
3222516,2025-02-28T11:37:07.000+00:00,0/727833,FISKV,NLAMS,NLAMS,False,False,True,1,Halti,9818278.0,FI,80,0,"C & C Port Agency Finland Oy Ltd, Helsinki, Neste Shipping Oy",Öljylaituri,Öljylaituri,2025-02-28T17:00:00.000+00:00,2025-03-02T17:00:00.000+00:00,,
3222529,2025-02-28T08:47:08.000+00:00,0/727834,FINLI,LVRIX,SEKOG,False,False,True,1,Aava Vg,9179361.0,FI,70,212308000,"Meriaura Oy, Meriaura Oy",17,Kantasatama,2025-03-03T04:00:00.000+00:00,2025-03-04T10:00:00.000+00:00,,
3222536,2025-02-28T13:00:19.000+00:00,20/1606917,FIKOK,SEPIT,FIOUL,False,False,True,3,Peyton Lynn C,9295531.0,AG,50,304474000,"Wallenius SOL Ab, Oy Galea Shipping Ab",Hopeakiven laituri 2,HOPEAKIVEN SATAMA,2025-02-28T04:00:00.000+00:00,2025-02-28T17:00:00.000+00:00,2025-02-28T04:10:00.000+00:00,
3222544,2025-02-28T10:48:17.000+00:00,0/727842,FIHEL,LVRIX,FIHEL,False,False,True,4,Jacob,7800485.0,FI,91,230025450,"R-Towing Oy, R-Towing Oy",Pohjoislaituri,Loviisa,2025-03-01T15:00:00.000+00:00,,,
3222545,2025-02-28T13:39:42.000+00:00,0/727843,FIPAR,EEMUG,EEMUG,False,False,True,4,Westborg,9196187.0,NL,70,246457000,"Wagenborg Shipping B/V, Inkoo Shipping Oy Ab",Maalaituri 1,Sementtisatama,2025-03-02T06:00:00.000+00:00,2025-03-03T20:00:00.000+00:00,,
3222548,2025-02-28T11:31:16.000+00:00,0/727844,FISKV,SEPIT,SEPIT,False,False,True,1,Fure Viten,9898204.0,SE,90,0,"Furetank Chartering Denmark A/, C & C Port Agency Finland Oy Ltd, Helsinki",Öljylaituri,Öljylaituri,2025-02-28T23:00:00.000+00:00,2025-03-01T23:00:00.000+00:00,,
3222549,2025-02-28T09:27:40.000+00:00,0/727845,FIPRS,FIKEM,DETRV,False,False,True,2,Baltic Enabler,9884681.0,SE,40,265039000,"Wallenius SOL Ab, Euroports Pietarsaari Oy Ab",,,2025-03-01T05:00:00.000+00:00,2025-03-01T10:00:00.000+00:00,,
3222554,2025-02-28T10:40:54.000+00:00,0/727846,FIVEI,FIVEI,FIVEI,True,True,True,4,Arktis,7817050.0,FI,90,230359000,"Kuljetus-Savolainen Oy, Kuljetus-Savolainen Oy",Ei tiedossa,Ei tiedossa,2025-02-28T10:15:00.000+00:00,2025-03-01T07:15:00.000+00:00,2025-02-28T10:10:00.000+00:00,
3222557,2025-02-28T11:42:04.000+00:00,0/727848,FIVEI,FIVEI,FIVEI,True,True,True,4,Sampo,5308938.0,FI,10,230990040,"Kemin Matkailu Oy, Kemin Matkailu",Ei tiedossa,Ei tiedossa,2025-02-28T15:30:00.000+00:00,2025-03-01T11:30:00.000+00:00,,
3222558,2025-02-28T09:57:33.000+00:00,0/727849,FIHEL,LVRIX,DEKEL,False,False,True,4,Raduga Electron,8207379.0,CY,94,209657000,"Raduga Shipping, C & C Port Agency Finland Oy Ltd, Helsinki",Pohjoislaituri,Loviisa,2025-03-02T21:17:00.000+00:00,2025-03-04T16:00:00.000+00:00,,
3222560,2025-02-28T09:58:52.000+00:00,0/727850,FIHEL,LVRIX,DEKEL,False,False,True,1,Karbon,8606006.0,EE,95,0,"C & C Port Agency Finland Oy Ltd, Helsinki, Raduga Shipping",Pohjoislaituri,Loviisa,2025-03-02T21:17:00.000+00:00,2025-03-04T16:00:00.000+00:00,,
3222563,2025-02-28T12:53:10.000+00:00,0/727852,FIKTK,FIHEL,BEANR,False,False,True,2,Finneco II,9856842.0,FI,40,230697000,"C & C Port Agency Finland Oy Ltd, Helsinki, Finnlines Oyj.",HIEH3,HIETANEN,2025-03-04T04:00:00.000+00:00,2025-03-06T20:00:00.000+00:00,,
3222565,2025-02-28T11:47:29.000+00:00,0/727854,FIHEL,NLRTM,LVRIX,False,False,True,2,Elbstrom,9369007.0,PT,50,0,"Samskip Multimodal B.V., C & C Port Agency Finland Oy Ltd, Helsinki",VDA,Vuosaaren satama,2025-03-04T04:00:00.000+00:00,2025-03-04T16:00:00.000+00:00,,
3222567,2025-02-28T05:28:31.000+00:00,0/727855,FIKTK,FIKTK,NLAMS,False,False,True,4,Heyn,9423671.0,NL,60,244130642,"Wagenborg Shipping B/V, Oy Helsinki Chartering Ab",MUSA1,MUSSALO (KUIVA),2025-02-27T22:01:00.000+00:00,2025-03-04T12:00:00.000+00:00,2025-02-27T21:00:00.000+00:00,
3222575,2025-02-28T12:16:44.000+00:00,0/727857,FINLI,FITKU,FITKU,True,True,True,3,Baltic Princess,9354284.0,FI,20,230639000,"Tallink Silja Oy, Tallink Silja Oy",Kuivatelakka 40,Telakka,2025-02-28T10:00:00.000+00:00,,2025-02-28T11:04:00.000+00:00,
3222578,2025-02-28T13:31:16.000+00:00,19/1904788,FIRAU,BEANR,PTAVE,False,False,True,1,Bornholm,9968267.0,PT,60,0,"Scomber Chartering GMBH, Euroports Rauma Oy, C & C Port Agency Finland Oy Ltd, Helsinki",P2,"Petäjäs, Bulksatama",2025-02-04T13:00:00.000+00:00,2025-03-07T21:17:00.000+00:00,,
3222582,2025-02-27T14:38:47.000+00:00,0/727858,FITKU,FITKU,FITKU,True,True,True,4,Telepaatti,7636341.0,FI,90,230234000,"Lilaco Offshore Oy, Lilaco Offshore",Ei käytössä,Ei käytössä,2025-03-01T07:00:00.000+00:00,,,
3222589,2025-02-27T14:45:19.000+00:00,20/1606918,FIRAU,PLGDY,SEGVX,False,False,True,2,Svendborg,9454230.0,PT,50,255805594,Oy Galea Shipping Ab,Konttilaituri 1,"Petäjäs, Konttilaituri",2025-03-03T20:00:00.000+00:00,2025-03-04T13:00:00.000+00:00,,
3222599,2025-02-28T07:25:11.000+00:00,0/727859,FIRAA,SELLA,SELLA,False,False,True,1,Board,8636752.0,FI,95,0,"SSAB Europe Oy, ESL Shipping Oy",Rautaruukki laituri 3,Rautaruukki,2025-02-28T17:00:00.000+00:00,2025-03-01T05:00:00.000+00:00,,
3222600,2025-02-27T19:01:32.000+00:00,0/727860,FIRAA,SELLA,SELLA,False,False,True,4,Rautaruukki,8418174.0,FI,94,230358000,"ESL Shipping Oy, SSAB Europe Oy",Rautaruukki laituri 3,Rautaruukki,2025-02-28T17:00:00.000+00:00,2025-03-01T05:00:00.000+00:00,,
3222601,2025-02-27T15:31:09.000+00:00,0/727861,FIHEL,FIPOR,FIHEL,True,False,True,1,Eira,9225299.0,FI,60,230935000,"ESL Shipping Oy, GAC Finland Oy",Hiililaituri,Länsisatama,2025-03-06T05:00:00.000+00:00,2025-03-07T10:00:00.000+00:00,,
3222628,2025-02-27T18:35:36.000+00:00,0/727862,FIRAA,SELLA,SELLA,False,False,True,1,Alppila,9381706.0,FI,70,230613000,"SSAB Europe Oy, ESL Shipping Oy",Syvälaituri 1,Rautaruukki,2025-03-01T05:00:00.000+00:00,2025-03-02T05:00:00.000+00:00,,
3222629,2025-02-27T19:27:00.000+00:00,0/727863,FIKEM,FIHEL,FIKEM,True,True,True,4,Polaris,9734161.0,FI,90,230661000,"Arctia Icebreaking  Oy, Arctia Icebreaking Oy",LAITURI 2,Ajos,2025-03-03T05:00:00.000+00:00,2025-03-03T14:00:00.000+00:00,,
3222630,2025-02-27T19:39:52.000+00:00,0/727864,FIKEM,FIHEL,FIKEM,True,True,True,4,Polaris,9734161.0,FI,90,230661000,"Arctia Icebreaking Oy, Arctia Icebreaking  Oy",LAITURI 2,Ajos,2025-03-03T05:00:00.000+00:00,2025-03-03T13:00:00.000+00:00,,
3222643,2025-02-27T20:01:09.000+00:00,0/727865,FIKEM,FIHEL,FIKEM,True,True,True,4,Polaris,9734161.0,FI,90,230661000,"Arctia Icebreaking  Oy, Arctia Icebreaking Oy",LAITURI 2,Ajos,2025-03-03T05:00:00.000+00:00,2025-03-03T13:00:00.000+00:00,,
3222684,2025-02-28T11:18:35.000+00:00,0/727866,FITKU,FITEI,FITKU,True,True,True,4,Seagas,7382691.0,SE,82,0,"GAC Finland Oy, Sirius Chartering Ab",east31,Linnanaukko,2025-02-28T17:00:00.000+00:00,,,
3222696,2025-02-28T06:20:03.000+00:00,3/400219373,FIHKO,EEPLS,PLGDN,False,False,True,3,Danube Highway,9316309.0,BS,44,308803000,Euroports Hanko Oy,,,2025-03-05T12:00:00.000+00:00,2025-03-05T21:00:00.000+00:00,,
3222697,2025-02-28T06:40:02.000+00:00,8/90015196,FIHKO,DELBC,DERSK,False,False,True,1,Genca,9307372.0,NL,40,244519000,Oy Transfennica  Ab,,,2025-03-08T05:00:00.000+00:00,2025-03-08T13:30:00.000+00:00,,
3222698,2025-02-28T06:40:03.000+00:00,8/90015197,FIHKO,EEPLS,DELBC,False,False,True,1,Corona Sea,9357597.0,PT,40,235059487,Oy Transfennica  Ab,,,2025-03-06T17:00:00.000+00:00,2025-03-06T21:00:00.000+00:00,,
3222699,2025-02-28T11:31:22.000+00:00,0/727867,FIKTK,DKKAL,GBNHO,False,False,True,4,Warber,9467201.0,NL,60,245241000,"Echoship Aps, C & C Port Agency Finland Oy Ltd, Helsinki",L5,Lakulahti,2025-03-02T15:00:00.000+00:00,2025-03-04T14:00:00.000+00:00,,
3222700,2025-02-28T06:55:56.000+00:00,0/727868,FIKEM,FITOR,NLVLI,False,False,True,4,Nijlborg,9313802.0,NL,70,246371000,"Wagenborg Shipping B/V, Metsäliitto Osuuskunta, Port Opertations",,Ajos,2025-03-05T22:00:00.000+00:00,2025-03-06T22:00:00.000+00:00,,
3222701,2025-02-28T07:06:39.000+00:00,0/727869,FINLI,LVSAL,LVRIX,False,False,False,3,Friendland,9246906.0,LV,70,244017000,"Meriaura Oy, Meriaura Oy",16,Kantasatama,2025-03-05T21:00:00.000+00:00,2025-03-06T17:00:00.000+00:00,,
3222703,2025-02-28T07:17:04.000+00:00,0/727870,FIANK,SENRK,FISKV,False,False,True,3,Donia,9442914.0,SE,80,249283000,"Neste Shipping Oy, C & C Port Agency Finland Oy Ltd, Helsinki",Ei tiedossa,Ei tiedossa,2025-02-28T16:00:00.000+00:00,2025-03-01T23:17:00.000+00:00,,
3222704,2025-02-28T08:49:26.000+00:00,0/727871,FIRAA,FITOR,BEANR,False,False,True,4,Lauwersborg,9399387.0,NL,70,244828000,"Wagenborg Shipping B/V, SSAB Europe Oy",Rautaruukki laituri 5,Rautaruukki,2025-03-01T12:30:00.000+00:00,2025-03-04T21:00:00.000+00:00,,
3222711,2025-02-28T08:38:37.000+00:00,19/1904789,FIRAU,FIVAA,GFDDC,False,False,True,3,Happy River,9139294.0,NL,70,244559000,"Euroports Rauma Oy, Spliethoff¿s Bevrachtingskantoor B.V.",Ei tiedossa,Ei tiedossa,2025-03-03T22:00:00.000+00:00,2025-03-05T22:00:00.000+00:00,,
3222712,2025-02-28T09:04:17.000+00:00,0/727872,FIPRS,PLSZZ,SETUN,False,False,True,1,Jutland,9277345.0,CY,60,209314000,"Euroports Pietarsaari Oy Ab, Navalis Shipping gmbh & co. kg",Buskön laituri,ALHOLMEN,2025-03-03T12:00:00.000+00:00,2025-03-04T17:00:00.000+00:00,,
3222725,2025-02-28T08:15:05.000+00:00,5/50010091,FIPOR,FIUKI,LVRIX,False,False,True,4,Eeva VG,9769104.0,FI,70,230663000,Olmar Pori Oy,SYVÄSATAMA 27,TAHKOLUOTO,2025-03-02T14:00:00.000+00:00,2025-03-03T16:00:00.000+00:00,,
3222726,2025-02-28T08:20:50.000+00:00,0/727873,FIRAA,SEOXE,SELLA,False,False,True,1,Haaga,9797632.0,FI,60,230683000,"ESL Shipping Oy, SSAB Europe Oy",Syvälaituri 2,Rautaruukki,2025-03-06T19:00:00.000+00:00,2025-03-07T19:00:00.000+00:00,,
3222733,2025-02-28T08:30:04.000+00:00,0/727874,FIPOH,DKKOG,FIPOH,False,False,True,1,Mai Lehmann,9196175.0,AG,70,305804000,"Reederei Lehmann GmbH & Co. Kg, Inkoo Shipping Oy Ab",Ei tiedossa,Ei tiedossa,2025-03-06T02:00:00.000+00:00,2025-03-06T20:00:00.000+00:00,,
3222734,2025-02-28T12:00:29.000+00:00,20/1606908,FIKOK,FIKTK,FIKTK,False,False,True,1,Trito Navigator,9631357.0,NL,70,245237000,Oy Galea Shipping Ab,Kantasataman laituri 2,KANTASATAMA,2025-03-05T20:17:00.000+00:00,2025-03-07T14:00:00.000+00:00,,
3222735,2025-02-28T08:40:44.000+00:00,0/727875,FIKTK,SENRK,DEWIS,False,False,True,4,Kamelia,9188958.0,MT,70,229245000,"Hansa Shipping AS, PP Maritime Oy",Ei tiedossa,MUSSALO (KUIVA),2025-03-07T10:00:00.000+00:00,,,
3222736,2025-02-28T08:43:31.000+00:00,0/727876,FIKTK,EEPLS, ,False,False,True,1,Västerbotten,9436226.0,CY,60,212838000,"Navalis Shipping gmbh & co. kg, PP Maritime Oy",EU4,Konttisatama,2025-03-02T01:00:00.000+00:00,2025-03-03T19:00:00.000+00:00,,
3222739,2025-02-28T09:02:00.000+00:00,0/727877,FISKV,BEANR,BEANR,False,False,True,4,Coral Lacera,9350898.0,LR,82,636016149,"Anthony Veder Chartering B.V., C & C Port Agency Finland Oy Ltd, Helsinki",Öljylaituri,Öljylaituri,2025-03-04T10:00:00.000+00:00,2025-03-05T10:00:00.000+00:00,,
3222740,2025-02-28T09:06:31.000+00:00,0/727878,FISKV,BEANR,BEANR,False,False,True,4,Coral Lophelia,9350886.0,LR,82,246262000,"C & C Port Agency Finland Oy Ltd, Helsinki, Anthony Veder Chartering B.V.",Öljylaituri,Öljylaituri,2025-03-07T10:00:00.000+00:00,2025-03-08T10:00:00.000+00:00,,
3222745,2025-02-28T09:42:55.000+00:00,0/727879,FINLI,EEPRN,FIKAS,False,True,True,1,Emilie,9148128.0,FI,70,0,"Meriaura Oy, Meriaura Oy",,,2025-03-02T11:00:00.000+00:00,2025-03-03T10:00:00.000+00:00,,
3222747,2025-02-28T10:03:19.000+00:00,0/727880,FIHEL,LVLPX,LVLPX,False,False,True,1,Cemsea III,9195925.0,CY,70,212209000,"Baltrader Shipping Company, C & C Port Agency Finland Oy Ltd, Helsinki",Etelälaituri,Loviisa,2025-03-05T07:00:00.000+00:00,2025-03-06T14:00:00.000+00:00,,
3222748,2025-02-28T10:40:15.000+00:00,0/727881,FISKV,NLAMS,NLAMS,False,False,True,1,Lunni,9797802.0,FI,81,257100000,"C & C Port Agency Finland Oy Ltd, Helsinki, Neste Shipping Oy",Öljylaituri,Öljylaituri,2025-03-12T10:00:00.000+00:00,2025-03-13T20:00:00.000+00:00,,
3222757,2025-02-28T10:13:49.000+00:00,0/727882,FIVEI,FIVEI,FIVEI,True,True,True,4,Arktis,7817050.0,FI,90,230359000,"Kuljetus-Savolainen Oy, Kuljetus-Savolainen Oy",Ei tiedossa,Ei tiedossa,2025-03-01T10:15:00.000+00:00,2025-03-01T11:15:00.000+00:00,,
3222758,2025-02-28T10:15:21.000+00:00,0/727883,FIVEI,FIVEI,FIVEI,True,True,True,4,Arktis,7817050.0,FI,90,230359000,"Kuljetus-Savolainen Oy, Kuljetus-Savolainen Oy",Ei tiedossa,Ei tiedossa,2025-03-01T14:15:00.000+00:00,2025-03-03T07:15:00.000+00:00,,
3222759,2025-02-28T13:02:56.000+00:00,19/1904790,FIRAU,DERSK,FIKTK,False,False,True,4,Bore Way,9892884.0,FI,40,230696000,"Euroports Rauma Oy, Upm-Kymmene Oyj, Seaways",Ro-Ro 3,Iso-Hakuni,2025-03-03T04:00:00.000+00:00,2025-03-03T16:00:00.000+00:00,,
3222764,2025-02-28T12:06:52.000+00:00,0/727884,FIKTK,GBHUL, ,False,False,True,1,Keit,9333450.0,MT,70,304841000,"C & C Port Agency Finland Oy Ltd, Helsinki, Hansa Shipping AS",Hailikari 1,Hailikari,2025-03-03T13:00:00.000+00:00,2025-03-05T21:00:00.000+00:00,,
3222765,2025-02-28T10:45:05.000+00:00,19/1904791,FIRAU,LVMRX,FIRAU,False,False,True,1,Dalsland,9226774.0,CY,70,212491000,Euroports Rauma Oy,Metsä-Botnia,Metsä-Botnia,2025-03-04T18:05:00.000+00:00,2025-03-04T22:00:00.000+00:00,,
3222766,2025-02-28T12:30:06.000+00:00,19/1904792,FIRAU,PLSZZ,FIRAU,False,False,True,1,Lady Marie Christine,9904326.0,NL,70,244017000,Euroports Rauma Oy,Metsä-Botnia,Metsä-Botnia,2025-03-05T19:05:00.000+00:00,2025-03-05T22:00:00.000+00:00,,
3222767,2025-02-28T11:02:22.000+00:00,0/727885,FIPRS,PLGDN,FIKTK,False,False,True,4,Tian You,9823625.0,CN,60,413494710,"Euroports Pietarsaari Oy Ab, Cosco Shipping Lines Finland Oy",Laukko I,ALHOLMEN,2025-03-03T09:00:00.000+00:00,2025-03-07T21:59:00.000+00:00,,
3222768,2025-02-28T11:00:09.000+00:00,19/1904793,FIRAU,LVVNT,FIRAU,False,False,True,1,Havelland,9499735.0,PT,70,0,Euroports Rauma Oy,Metsä-Botnia,Metsä-Botnia,2025-03-05T22:00:00.000+00:00,2025-03-06T22:00:00.000+00:00,,
3222775,2025-02-28T11:25:21.000+00:00,0/727886,FIPOR,NLRTM,FIPOR,False,False,True,1,Lady Ela,9511442.0,MH,80,271002696,"GAC Finland Oy, GEFO Gesellschaft fur Oeltransporte",Kemikaalilaituri no:30,TAHKOLUOTO,2025-03-08T23:00:00.000+00:00,2025-03-09T18:00:00.000+00:00,,
3222780,2025-02-28T12:07:31.000+00:00,0/727887,FIVEI,FIVEI,FIVEI,True,True,True,4,Sampo,5308938.0,FI,10,230990040,"Kemin Matkailu, Kemin Matkailu Oy",Ei tiedossa,Ei tiedossa,2025-03-01T15:30:00.000+00:00,2025-03-03T06:30:00.000+00:00,,
3222781,2025-02-28T13:41:58.000+00:00,0/727888,FIKTK,EESLM,PLSZZ,False,False,True,4,Tim,9434151.0,CY,70,212571000,"Interscan Schiffahrtsges mbH, Oy Fertall Maritime Ltd",MUSB4,MUSSALO (KONTTI),2025-03-03T10:00:00.000+00:00,2025-03-04T10:00:00.000+00:00,,
3222782,2025-02-28T12:10:52.000+00:00,0/727889,FIVEI,FIVEI,FIVEI,True,True,True,4,Sampo,5308938.0,FI,10,230990040,"Kemin Matkailu, Kemin Matkailu Oy",Ei tiedossa,Ei tiedossa,2025-03-03T10:30:00.000+00:00,2025-03-03T11:30:00.000+00:00,,
3222783,2025-02-28T12:18:46.000+00:00,0/727890,FIANK,EESLM,FIKTK,False,False,True,4,Tim,9434151.0,CY,70,212571000,"Oy Fertall Maritime Ltd, Interscan Schiffahrtsges mbH",Ei tiedossa,Ei tiedossa,2025-03-01T18:00:00.000+00:00,2025-03-03T08:00:00.000+00:00,,
3222789,2025-02-28T12:33:34.000+00:00,0/727891,FIPOR,FINLI,FIRAU,True,True,True,4,Leonardo,8521464.0,FI,91,0,"Rauma Cata Oy, Rauma Cata Oy",Ei käytössä,MÄNTYLUOTO,2025-03-01T14:00:00.000+00:00,2025-03-01T15:00:00.000+00:00,,
3222790,2025-02-28T12:36:35.000+00:00,0/727892,FIPOR,FINLI,FIPOR,True,True,True,4,Optimus,,FI,99,0,"Rauma Cata Oy, Wasa Dredging Ltd",Ei käytössä,MÄNTYLUOTO,2025-03-01T14:00:00.000+00:00,2025-04-30T20:00:00.000+00:00,,
3222796,2025-02-28T12:53:05.000+00:00,0/727893,FISKV,SESDL,FINLI,False,True,True,4,Sten Suomi,9378723.0,PT,80,259768000,"Neste Shipping Oy, C & C Port Agency Finland Oy Ltd, Helsinki",Öljylaituri,Öljylaituri,2025-03-03T10:00:00.000+00:00,2025-03-04T10:00:00.000+00:00,,
3222805,2025-02-28T12:51:35.000+00:00,0/727894,FINLI,FISKV,SESDL,True,False,True,2,Sten Suomi,9378723.0,PT,80,259768000,"C & C Port Agency Finland Oy Ltd, Helsinki, Neste Shipping Oy",Ei tiedossa,Neste Oyj:n jalostamo,2025-03-05T10:00:00.000+00:00,2025-03-05T18:00:00.000+00:00,,
3222810,2025-02-28T13:25:02.000+00:00,0/727895,FIPAR,EEMUG,LVRIX,False,False,True,4,Westborg,9196187.0,NL,70,246457000,"Wagenborg Shipping B/V, Inkoo Shipping Oy Ab",,,2025-03-05T04:00:00.000+00:00,2025-03-05T20:00:00.000+00:00,,
